"Taxa","preTA_1","preTA_10","preTA_11","preTA_12","preTA_13","preTA_14","preTA_15","preTA_16","preTA_2","preTA_3","preTA_4","preTA_5","preTA_6","preTA_7","preTA_8","preTA_9"
"k__Bacteria|p__Bacteroidetes|c__Bacteroidia|o__Bacteroidales|f__Bacteroidaceae|g__Bacteroides|s__Bacteroides_ovatus",24.19044,0,0,0,0,0,0,0,20.3322,22.71982,20.01083,22.53476,0.05818,21.15943,23.63125,0
"k__Bacteria|p__Firmicutes|c__Clostridia|o__Clostridiales|f__Lachnospiraceae|g__Blautia|s__Blautia_caecimuris",18.57867,0.01634,0,0.00049,0,0,0,0,16.90751,18.09605,18.4717,20.2726,0.16628,18.87613,17.3489,0
"k__Bacteria|p__Bacteroidetes|c__Bacteroidia|o__Bacteroidales|f__Bacteroidales_unclassified|g__Phocaeicola|s__Phocaeicola_vulgatus",13.1374,0,0,0,0,0,0,0,9.2675,15.93395,13.79972,18.92809,0.04299,13.09908,15.50368,0
"k__Bacteria|p__Bacteroidetes|c__Bacteroidia|o__Bacteroidales|f__Bacteroidaceae|g__Bacteroides|s__Bacteroides_uniformis",12.60584,0.00142,0,0,0,0,0,0,11.0797,10.56402,10.31147,11.01285,0.03418,16.06577,10.9471,0.07788
"k__Bacteria|p__Firmicutes|c__Clostridia|o__Clostridiales|f__Lachnospiraceae|g__Enterocloster|s__Enterocloster_aldensis",5.71129,0,0,0,0,0,0,0,8.35497,2.48612,4.19307,4.75468,1.58806,3.78883,3.52454,0
"k__Bacteria|p__Bacteroidetes|c__Bacteroidia|o__Bacteroidales|f__Bacteroidaceae|g__Bacteroides|s__Bacteroides_thetaiotaomicron",4.04871,0,0,0,0,0,0,0,4.35515,6.75988,8.73124,0.01231,0,4.69958,7.68303,0
"k__Bacteria|p__Bacteroidetes|c__Bacteroidia|o__Bacteroidales|f__Tannerellaceae|g__Parabacteroides|s__Parabacteroides_distasonis",3.41097,0,0,0,0,0,0,0,4.03812,3.87635,4.02147,0,0,0,0,0
"k__Bacteria|p__Firmicutes|c__Clostridia|o__Clostridiales|f__Lachnospiraceae|g__Blautia|s__Blautia_producta",2.41238,0,0,0,0,0,0,0,2.72195,2.94711,3.31345,4.30929,2.78737,3.61217,2.48776,0
"k__Bacteria|p__Firmicutes|c__Clostridia|o__Clostridiales|f__Lachnospiraceae|g__Blautia|s__Blautia_hominis",1.62915,0,0,0,0,0,0,0,4.05032,1.13436,1.58137,3.05867,10.30989,1.88362,1.81557,0
"k__Bacteria|p__Firmicutes|c__Clostridia|o__Clostridiales|f__Clostridiaceae|g__Hungatella|s__Hungatella_hathewayi",1.26301,0,0,0,0,0,0,0,1.24215,1.45671,0.92552,1.93291,28.42856,3.56767,1.59558,0
"k__Bacteria|p__Bacteroidetes|c__Bacteroidia|o__Bacteroidales|f__Rikenellaceae|g__Alistipes|s__Alistipes_onderdonkii",0.98181,0,0,0,0,0,0,0,1.7459,0,0,0,0,0,0,0
"k__Bacteria|p__Proteobacteria|c__Deltaproteobacteria|o__Desulfovibrionales|f__Desulfovibrionaceae|g__Bilophila|s__Bilophila_wadsworthia",0.90946,0,0,0,0,0,0,0,0.84697,1.02004,1.06472,0.92105,0,1.10444,1.19537,0
"k__Bacteria|p__Firmicutes|c__Clostridia|o__Clostridiales|f__Lachnospiraceae|g__Lachnoclostridium|s__Clostridium_symbiosum",0.60486,0,0,0,0,0,0,0,0.57755,0.49981,0.58389,0.97327,1.65697,0.79028,0.72626,0
"k__Bacteria|p__Firmicutes|c__Clostridia|o__Clostridiales|f__Lachnospiraceae|g__Mediterraneibacter|s__Ruminococcus_torques",0.58751,0,0,0,0,0,0,0,0.59631,0.9408,0.97731,0.97569,1.9316,0.77768,0.79601,0
"k__Bacteria|p__Firmicutes|c__Erysipelotrichia|o__Erysipelotrichales|f__Erysipelotrichaceae|g__Erysipelatoclostridium|s__Clostridium_innocuum",0.46479,25.29771,16.30194,26.69222,19.64458,24.68396,18.99838,16.99813,1.34492,1.44431,0.82474,1.40219,6.18562,1.78058,1.79315,23.01528
"k__Bacteria|p__Firmicutes|c__Clostridia|o__Clostridiales|f__Clostridiales_unclassified|g__Clostridiales_unclassified|s__Clostridiales_bacterium_Marseille_P5551",0.39284,0,0,0,0,0,0,0,0.25899,0,0,0.09853,0.25355,0,0,0
"k__Bacteria|p__Firmicutes|c__Clostridia|o__Clostridiales|f__Lachnospiraceae|g__Enterocloster|s__Enterocloster_bolteae",0.3712,0,0,0,0,0,0,0,0.36018,0.45069,0.37361,0.41353,1.24844,0.34922,0.36744,0
"k__Bacteria|p__Firmicutes|c__Erysipelotrichia|o__Erysipelotrichales|f__Erysipelotrichaceae|g__Massilimicrobiota|s__Massilimicrobiota_sp_An134",0.35391,0,0,0,0,0,0,0,0.31476,0.49371,0.65365,0.57359,1.37467,0.37228,0.31487,0
"k__Bacteria|p__Firmicutes|c__Clostridia|o__Clostridiales|f__Lachnospiraceae|g__GGB3463|s__GGB3463_SGB4621",0.34869,0,0,0,0,0,0,0,0.3909,0.62354,0.73925,0.64605,0,0,0,0
"k__Bacteria|p__Firmicutes|c__Clostridia|o__Clostridiales|f__Clostridiaceae|g__Clostridiaceae_unclassified|s__Clostridiaceae_bacterium",0.27082,0,0,0,0,0,0,0,0.34916,0.2481,0.71676,0,0.33968,0.32962,0.68746,0
"k__Bacteria|p__Firmicutes|c__Clostridia|o__Clostridiales|f__Clostridiales_unclassified|g__Intestinimonas|s__Intestinimonas_massiliensis",0.2438,0,0,0,0,0,0,0,0.21725,0.36922,0.3254,0.03638,0.58651,0.26999,0.30149,0
"k__Bacteria|p__Firmicutes|c__Erysipelotrichia|o__Erysipelotrichales|f__Erysipelotrichaceae|g__Massilicoli|s__Massilicoli_timonensis",0.24,0,0,0,0,0,0,0,0.14568,0.17798,0.2044,0.08439,0,0.27298,0.37373,0
"k__Bacteria|p__Firmicutes|c__Clostridia|o__Clostridiales|f__Oscillospiraceae|g__Dysosmobacter|s__Dysosmobacter_welbionis",0.21735,0,0,0,0,0,0,0,0.33154,0.41093,0.3476,0.27059,0.02692,0.28976,0.46405,0
"k__Bacteria|p__Firmicutes|c__Clostridia|o__Clostridiales|f__Lachnospiraceae|g__Anaerostipes|s__Anaerostipes_caccae",0.2157,0,0,0,0,0,0,0,0.15632,0.15692,0.16911,0.2255,0.58102,0.11688,0.19937,0
"k__Bacteria|p__Firmicutes|c__Erysipelotrichia|o__Erysipelotrichales|f__Erysipelotrichaceae|g__Dielma|s__Dielma_fastidiosa",0.20499,0,0,0,0,0,0,0,0.17294,0.16484,0.26766,0.15244,0.60909,0.11681,0.12752,0
"k__Bacteria|p__Firmicutes|c__Erysipelotrichia|o__Erysipelotrichales|f__Erysipelotrichaceae|g__Erysipelatoclostridium|s__Erysipelatoclostridium_ramosum",0.13878,18.98855,18.99781,16.15562,17.94196,14.27866,16.06012,19.29807,0.21873,0.20404,0.20569,0.23772,0,0.34423,0.36771,21.57038
"k__Bacteria|p__Firmicutes|c__Clostridia|o__Clostridiales|f__Clostridiales_unclassified|g__Intestinimonas|s__Intestinimonas_butyriciproducens",0.13516,0,0,0,0,0,0,0,0.16128,0.19193,0.20642,0.09869,0.53502,0.19465,0.2202,0
"k__Bacteria|p__Firmicutes|c__Clostridia|o__Clostridiales|f__Ruminococcaceae|g__Ruthenibacterium|s__Ruthenibacterium_lactatiformans",0.09936,0,0,0,0,0,0,0,0.20283,0.41839,0.30419,0.3967,0.49328,0.33425,0.45423,0
"k__Bacteria|p__Firmicutes|c__Clostridia|o__Clostridiales|f__Lachnospiraceae|g__Enterocloster|s__Enterocloster_lavalensis",0.08522,0,0,0,0,0,0,0,0.16201,0.17726,0.18216,0.08123,0.24512,0.24923,0.15614,0
"k__Bacteria|p__Bacteroidetes|c__Bacteroidia|o__Bacteroidales|f__Rikenellaceae|g__Alistipes|s__Alistipes_shahii",0.07071,0,0,0,0,0,0,0,0.2031,0,0,0,0,0,5e-04,0
"k__Bacteria|p__Bacteroidetes|c__Bacteroidia|o__Bacteroidales|f__Rikenellaceae|g__Alistipes|s__Alistipes_indistinctus",0.06471,0,0,0,0,0,0,0,0.06547,0.09094,0.11427,0,0,0.07206,0.12613,0
"k__Bacteria|p__Firmicutes|c__Clostridia|o__Clostridiales|f__Clostridiaceae|g__Lactonifactor|s__Lactonifactor_sp_BIOML_A6",0.04246,0,0,0,0,0,0,0,0.10387,0.11373,0.10979,0.1165,1.30956,0.12959,0.10602,0
"k__Bacteria|p__Firmicutes|c__Erysipelotrichia|o__Erysipelotrichales|f__Erysipelotrichaceae|g__Coprobacillus|s__Coprobacillus_cateniformis",0.03898,0,0,0,0,0,0,0,0.06422,0.08367,0.13015,0.13154,0,0.09874,0.13972,0
"k__Bacteria|p__Firmicutes|c__Clostridia|o__Clostridiales|f__Lachnospiraceae|g__Faecalicatena|s__Faecalicatena_contorta",0.03154,0,0,0,0,0,0,0,0.03421,0.06039,0.03501,0.02406,0.04813,0.06361,0.05471,0
"k__Bacteria|p__Firmicutes|c__Clostridia|o__Clostridiales|f__Ruminococcaceae|g__Neobittarella|s__Neobittarella_massiliensis",0.03038,0,0,0,0,0,0,0,0.03469,0.05025,0.03997,0.04177,0.04043,0.04311,0.05723,0
"k__Bacteria|p__Proteobacteria|c__Gammaproteobacteria|o__Enterobacterales|f__Enterobacteriaceae|g__Escherichia|s__Escherichia_coli",0.02189,2.66201,3.38992,3.90826,4.51154,4.5389,4.30472,3.02237,0.06831,0.11228,0.13413,0.04497,0.84623,0.28043,0.44789,3.50288
"k__Bacteria|p__Firmicutes|c__Clostridia|o__Clostridiales|f__Catabacteriaceae|g__Catabacter|s__Catabacter_hongkongensis",0.01671,0,0,0,0,0,0,0,0.0195,0.02679,0.03372,0.03175,0,0.02963,0.04489,0
"k__Bacteria|p__Firmicutes|c__Clostridia|o__Clostridiales|f__Lachnospiraceae|g__Enterocloster|s__Enterocloster_clostridioformis",0.00776,0,0,0,0,0,0,0,0.02287,0.04442,0.05014,0.03362,0.01351,0.0439,0.04523,0
"k__Bacteria|p__Firmicutes|c__Clostridia|o__Clostridia_unclassified|f__Clostridia_unclassified|g__Clostridia_unclassified|s__Clostridia_unclassified_SGB4121",0.00387,0,0,0,0,0,0,0,0.04887,0.04256,0.05657,0.07241,0.15884,0.06892,0.07096,0
"k__Bacteria|p__Firmicutes|c__Clostridia|o__Clostridiales|f__Clostridiales_unclassified|g__Lawsonibacter|s__Lawsonibacter_sp_NSJ_52",0.00182,0,0,0,0,0,0,0,0.04371,0.05122,0.05178,0.03252,0.40676,0.07672,0.07185,0
"k__Bacteria|p__Proteobacteria|c__Gammaproteobacteria|o__Enterobacterales|f__Enterobacteriaceae|g__Klebsiella|s__Klebsiella_oxytoca",0,19.94245,20.09557,21.42537,7.51629,24.32492,5.28046,40.78146,0,0,0,0,0,0,0,17.98424
"k__Bacteria|p__Firmicutes|c__Clostridia|o__Clostridiales|f__Clostridiaceae|g__Clostridium|s__Clostridium_baratii",0,10.05413,13.47016,10.21707,11.96651,10.94494,13.42106,13.65831,0,0,0,0,0,0,0,13.68395
"k__Bacteria|p__Firmicutes|c__Clostridia|o__Clostridiales|f__Clostridiaceae|g__Clostridium|s__Clostridium_disporicum",0,5.00149,0.33447,0.05587,0,0,0,0,0,0,0,0,0,0,0,2.34624
"k__Bacteria|p__Firmicutes|c__Clostridia|o__Clostridiales|f__Clostridiaceae|g__Clostridium|s__Clostridium_perfringens",0,3.85657,3.23125,2.2761,2.69008,1.65622,4.78188,2.7383,0,0,0,0,0,0,0,3.10737
"k__Bacteria|p__Proteobacteria|c__Gammaproteobacteria|o__Enterobacterales|f__Enterobacteriaceae|g__Klebsiella|s__Klebsiella_pneumoniae",0,1.34561,23.98062,18.19392,30.30112,19.35908,35.60214,3.36389,0,0,0,0,0,0,0,2.03376
"k__Bacteria|p__Firmicutes|c__Clostridia|o__Clostridiales|f__Peptostreptococcaceae|g__Paeniclostridium|s__Eubacterium_tenue",0,1.13265,0.04215,0.70524,0.41842,0.21331,0.05332,0.13948,0,0,0,0,0,0,0,0.6803
"k__Bacteria|p__Proteobacteria|c__Gammaproteobacteria|o__Enterobacterales|f__Enterobacteriaceae|g__Citrobacter|s__Citrobacter_freundii",0,0.15376,0,0,0,0,0,0,0,0,0,0,0,0,0,0.07854
"k__Bacteria|p__Proteobacteria|c__Gammaproteobacteria|o__Enterobacterales|f__Enterobacteriaceae|g__Raoultella|s__Raoultella_ornithinolytica",0,0.00241,0,0,0,0,0,0,0,0,0,0,0,0,0,0
"k__Bacteria|p__Firmicutes|c__Erysipelotrichia|o__Erysipelotrichales|f__Erysipelotrichaceae|g__Turicibacter|s__Turicibacter_sp_TS3",0,0.00076,0.03267,0,0.00448,0,0.44192,0,0,0,0,0,0,0,0,0
"k__Bacteria|p__Firmicutes|c__Erysipelotrichia|o__Erysipelotrichales|f__Erysipelotrichaceae|g__Turicibacter|s__Turicibacter_sanguinis",0,0,0.06897,0.11831,0,0,0,0,0,0,0,0,0,0,0,0
"k__Bacteria|p__Firmicutes|c__Bacilli|o__Lactobacillales|f__Enterococcaceae|g__Enterococcus|s__Enterococcus_faecium",0,0,0.05446,0,0,0,0.12356,0,0,0,0,0,0,0,0,0
"k__Bacteria|p__Firmicutes|c__Clostridia|o__Clostridiales|f__Ruminococcaceae|g__Drancourtella|s__Drancourtella_sp_An57",0,0,0,0,0,0,0,0,0.15428,0.13429,0.16063,0.01315,1.72245,0.42332,0.26232,0
"k__Bacteria|p__Firmicutes|c__Clostridia|o__Clostridiales|f__Ruminococcaceae|g__Anaeromassilibacillus|s__Anaeromassilibacillus_sp_An250",0,0,0,0,0,0,0,0,0.05961,0.02573,0.02695,0.0115,0,0.0381,0.02141,0
"k__Bacteria|p__Firmicutes|c__Clostridia|o__Clostridia_unclassified|f__Clostridia_unclassified|g__Clostridia_unclassified|s__Clostridia_bacterium",0,0,0,0,0,0,0,0,0.0402,0.03219,0.03681,0.10471,5.22761,0,0.008,0.05417
"k__Bacteria|p__Firmicutes|c__Clostridia|o__Clostridiales|f__Ruminococcaceae|g__GGB9667|s__GGB9667_SGB15164",0,0,0,0,0,0,0,0,0.02843,0.03337,0.0248,0.00726,0,0.01788,0.01936,0
"k__Bacteria|p__Firmicutes|c__CFGB42358|o__OFGB42358|f__FGB42358|g__GGB51510|s__GGB51510_SGB71883",0,0,0,0,0,0,0,0,0.01705,0.01846,0.01548,0.00311,0.04573,0.01488,0.02545,0
"k__Bacteria|p__Firmicutes|c__Clostridia|o__Clostridia_unclassified|f__Clostridia_unclassified|g__Candidatus_Aristotella|s__Candidatus_Aristotella_avistercoris",0,0,0,0,0,0,0,0,0.00671,0.01344,0,0,0,0.00917,0.01351,0
"k__Bacteria|p__Firmicutes|c__Clostridia|o__Clostridiales|f__Lachnospiraceae|g__Enterocloster|s__Enterocloster_citroniae",0,0,0,0,0,0,0,0,0.00461,0.00371,0.00465,0,0.12558,0,0.00195,0
"k__Bacteria|p__Firmicutes|c__Clostridia|o__Clostridiales|f__Christensenellaceae|g__Christensenella|s__Christensenella_sp_Marseille_P3954",0,0,0,0,0,0,0,0,0.00012,0.00266,0.00283,0,0,0,0.00154,0
"k__Bacteria|p__Firmicutes|c__Clostridia|o__Clostridiales|f__Clostridiales_unclassified|g__Clostridiales_unclassified|s__Clostridiales_bacterium",0,0,0,0,0,0,0,0,0,0.58113,0.49631,0,0,0,0,0
"k__Bacteria|p__Actinobacteria|c__Actinobacteria|o__Bifidobacteriales|f__Bifidobacteriaceae|g__Bifidobacterium|s__Bifidobacterium_animalis",0,0,0,0,0,0,0,0,0,0.11826,0.14746,0,0,0,0.02138,0
"k__Bacteria|p__Firmicutes|c__Clostridia|o__Clostridiales|f__Clostridiales_unclassified|g__Intestinimonas|s__Intestinimonas_gabonensis",0,0,0,0,0,0,0,0,0,0.04357,0.04408,0,0,0,0,0
"k__Bacteria|p__Firmicutes|c__Erysipelotrichia|o__Erysipelotrichales|f__Erysipelotrichaceae|g__Erysipelatoclostridium|s__Clostridium_spiroforme",0,0,0,0,0,0,0,0,0,0.01387,0.012,0.03625,0.31684,0,0.01108,0
"k__Bacteria|p__Firmicutes|c__Clostridia|o__Clostridia_unclassified|f__Clostridia_unclassified|g__Candidatus_Paralachnospira|s__Candidatus_Paralachnospira_caecorum",0,0,0,0,0,0,0,0,0,0.00842,0.00651,0,0,0.00362,0.00453,0
"k__Bacteria|p__Actinobacteria|c__Actinobacteria|o__Bifidobacteriales|f__Bifidobacteriaceae|g__Bifidobacterium|s__Bifidobacterium_longum",0,0,0,0,0,0,0,0,0,0,0.00592,0.79367,3.77506,0.00616,0.00538,0
"k__Bacteria|p__Firmicutes|c__Clostridia|o__Clostridiales|f__Lachnospiraceae|g__Mediterraneibacter|s__Ruminococcus_gnavus",0,0,0,0,0,0,0,0,0,0,0,0.01905,14.99994,0,0,0
"k__Bacteria|p__Firmicutes|c__Clostridia|o__Clostridiales|f__Lachnospiraceae|g__Lachnospiraceae_unclassified|s__Lachnospiraceae_bacterium",0,0,0,0,0,0,0,0,0,0,0,0,7.28151,0,0,0
"k__Bacteria|p__Firmicutes|c__Bacilli|o__Lactobacillales|f__Enterococcaceae|g__Enterococcus|s__Enterococcus_gallinarum",0,0,0,0,0,0,0,0,0,0,0,0,1.51748,0.02435,0,0
"k__Bacteria|p__Firmicutes|c__Clostridia|o__Clostridiales|f__Lachnospiraceae|g__GGB3433|s__GGB3433_SGB4573",0,0,0,0,0,0,0,0,0,0,0,0,0.51223,0,0,0
"k__Bacteria|p__Firmicutes|c__Clostridia|o__Clostridiales|f__Ruminococcaceae|g__Gemmiger|s__Gemmiger_sp_An50",0,0,0,0,0,0,0,0,0,0,0,0,0.21293,0,0.01934,0
"k__Bacteria|p__Firmicutes|c__Clostridia|o__Clostridiales|f__Clostridiaceae|g__Clostridium|s__Clostridium_cadaveris",0,0,0,0,0,0,0,0,0,0,0,0,0.12436,0,0,0
"k__Bacteria|p__Firmicutes|c__Clostridia|o__Clostridiales|f__Peptostreptococcaceae|g__Intestinibacter|s__Intestinibacter_bartlettii",0,0,0,0,0,0,0,0,0,0,0,0,0,0,0.03957,0
"k__Bacteria|p__Bacteroidetes|c__Bacteroidia|o__Bacteroidales|f__Bacteroidales_unclassified|g__Phocaeicola|s__Phocaeicola_dorei",0,0,0,0,0,0,0,0,0,0,0,0,0,0,0.0083,0.04031
"k__Bacteria|p__Bacteroidetes|c__Bacteroidia|o__Bacteroidales|f__Bacteroidaceae|g__Bacteroides|s__Bacteroides_stercoris",0,0,0,0,0,0,0,0,0,0,0,0,0,0,0.00352,0.01243
"k__Bacteria|p__Bacteroidetes|c__Bacteroidia|o__Bacteroidales|f__Rikenellaceae|g__Alistipes|s__Alistipes_putredinis",0,0,0,0,0,0,0,0,0,0,0,0,0,0,0.00195,0.00181
