,Value,Std.Error,t-value,p-value,Taxa,Group,BaselineGroup
PrePostPost92,-3.68085508941684,1.17230379603157,-3.13984745411309,0.00723619565300849,k__Bacteria|p__Firmicutes|c__Clostridia|o__Clostridiales|f__Lachnospiraceae|g__GGB28963,PrePostPost,1.04611950690349
PrePostPost28,-1.28014902913026,0.46010189584312,-2.78231635360778,0.0146823524150396,k__Bacteria|p__Firmicutes|c__Clostridia|o__Clostridiales|f__Lachnospiraceae|g__GGB28769,PrePostPost,4.54264023995122
PrePostPost38,2.52447822578884,0.96818356985236,2.60743758146382,0.0206757927304108,k__Bacteria|p__Firmicutes|c__CFGB9618|o__OFGB9618|f__FGB9618|g__GGB28779,PrePostPost,-0.530478404578144
PrePostPost82,-1.40857399075859,0.550137502400612,-2.56040350750868,0.0226554681483266,k__Bacteria|p__Actinobacteria|c__Actinobacteria|o__Corynebacteriales|f__Nocardiaceae|g__GGB30300,PrePostPost,2.98487555653858
PrePostPost34,-1.41225242702679,0.553059140972178,-2.55352876826935,0.0229597054518626,k__Bacteria|p__Firmicutes|c__CFGB9650|o__OFGB9650|f__FGB9650|g__GGB28980,PrePostPost,4.61654683548701
PrePostPost96,1.832598547596,0.810871912498858,2.26003456199204,0.0402839793811064,k__Bacteria|p__Firmicutes|c__Clostridia|o__Clostridiales|f__Lachnospiraceae|g__Dorea,PrePostPost,-5.75669811428105
PrePostPost81,-2.28720235654564,1.03347539877602,-2.21311737004525,0.0440040519057448,k__Bacteria|p__Firmicutes|c__Clostridia|o__Clostridiales|f__Ruminococcaceae|g__GGB30475,PrePostPost,2.08626502912595
PrePostPost68,3.51768507509061,1.63829684167919,2.14715977324666,0.0497796020870138,k__Bacteria|p__Firmicutes|c__Clostridia|o__Clostridiales|f__Clostridiaceae|g__Candidatus_Arthromitus,PrePostPost,-3.97177443436035
PrePostPost47,0.74158711310348,0.358635071629542,2.06780421595107,0.0576599849977082,k__Bacteria|p__Firmicutes|c__CFGB9658|o__OFGB9658|f__FGB9658|g__GGB29002,PrePostPost,1.85274083739468
PrePostPost33,2.0105157181053,0.974812108336377,2.06246485954762,0.058229536938134,k__Bacteria|p__Firmicutes|c__Clostridia|o__Clostridiales|f__Lachnospiraceae|g__GGB28798,PrePostPost,1.19547960628825
PrePostPost76,-2.60551150864611,1.26988196985675,-2.05177455109473,0.0593854780710492,k__Bacteria|p__Firmicutes|c__Erysipelotrichia|o__Erysipelotrichales|f__Erysipelotrichaceae|g__Erysipelatoclostridium,PrePostPost,1.88492707464464
PrePostPost58,3.93459739818598,1.93427679474923,2.03414392855604,0.0613380666255676,k__Bacteria|p__Firmicutes|c__Clostridia|o__Clostridiales|f__Ruminococcaceae|g__GGB30459,PrePostPost,-3.26497329726482
PrePostPost10,1.3289312265911,0.686004610619572,1.93720451148406,0.0731642757935298,k__Bacteria|p__Firmicutes|c__Clostridia|o__Clostridiales|f__Lachnospiraceae|g__GGB25041,PrePostPost,3.80181745014121
PrePostPost45,0.961296550563197,0.516568441362964,1.86092775630431,0.0838850837611388,k__Bacteria|p__Firmicutes|c__Clostridia|o__Clostridiales|f__Eubacteriaceae|g__GGB28645,PrePostPost,1.27685108103006
PrePostPost109,-2.76386737679954,1.48633163228278,-1.85952267769115,0.084095189949275,k__Bacteria|p__Firmicutes|c__Clostridia|o__Clostridia_unclassified|f__Clostridia_unclassified|g__GGB28399,PrePostPost,-2.55059892934717
PrePostPost29,1.02052519572082,0.57293680284594,1.7812177375438,0.0965754666477655,k__Bacteria|p__Firmicutes|c__Clostridia|o__Clostridiales|f__Ruminococcaceae|g__GGB30454,PrePostPost,3.17457071792422
PrePostPost40,-1.03536738155898,0.587427057483975,-1.76254629126822,0.0997842664674237,k__Bacteria|p__Firmicutes|c__Clostridia|o__Clostridiales|f__Ruminococcaceae|g__GGB30091,PrePostPost,3.51160628959086
PrePostPost93,-2.64228734166326,1.54585670599586,-1.70927054973124,0.109463546020954,k__Bacteria|p__Firmicutes|c__Clostridia|o__Clostridiales|f__Lachnospiraceae|g__Roseburia,PrePostPost,3.91810030938476
PrePostPost8,-3.23505599341239,1.89554869223975,-1.70665939981205,0.109958461150359,k__Bacteria|p__Firmicutes|c__Clostridia|o__Clostridia_unclassified|f__Clostridia_unclassified|g__GGB31762,PrePostPost,1.8219683646169
PrePostPost124,-3.00308747898847,1.76668019353499,-1.69984782190801,0.111258761643049,k__Bacteria|p__Firmicutes|c__CFGB9516|o__OFGB9516|f__FGB9516|g__GGB28430,PrePostPost,-0.298822947842908
PrePostPost120,-1.70642082687754,1.00821344867949,-1.69251940560059,0.112672735959558,k__Bacteria|p__Firmicutes|c__CFGB9644|o__OFGB9644|f__FGB9644|g__GGB28945,PrePostPost,-4.05638534691752
PrePostPost90,-1.81584466125611,1.10171177090314,-1.64820301390404,0.121562148412723,k__Bacteria|p__Firmicutes|c__CFGB8157|o__OFGB8157|f__FGB8157|g__GGB28904,PrePostPost,2.9502929364117
PrePostPost110,-3.17088470004184,1.93622672759377,-1.63766187856648,0.123764159009267,k__Bacteria|p__Firmicutes|c__Clostridia|o__Clostridiales|f__Lachnospiraceae|g__GGB28791,PrePostPost,-0.251261456390183
PrePostPost24,1.69535379889753,1.04045515846888,1.62943475756552,0.12550669356583,k__Bacteria|p__Firmicutes|c__CFGB9528|o__OFGB9528|f__FGB9528|g__GGB28456,PrePostPost,1.54449488021769
PrePostPost46,1.47016761356158,0.924954136314368,1.58944920168659,0.134280550574774,k__Bacteria|p__Actinobacteria|c__Actinobacteria|o__Corynebacteriales|f__Nocardiaceae|g__GGB30286,PrePostPost,0.744676328063752
PrePostPost54,-2.13533305798332,1.3473076935065,-1.58488893685889,0.135313890600777,k__Bacteria|p__Firmicutes|c__CFGB9827|o__OFGB9827|f__FGB9827|g__GGB29531,PrePostPost,1.66898330099875
PrePostPost52,1.31380130604464,0.85421873290348,1.53801509547683,0.146335469311399,k__Bacteria|p__Firmicutes|c__CFGB9639|o__OFGB9639|f__FGB9639|g__GGB28934,PrePostPost,0.257023351737222
PrePostPost98,1.98807587368654,1.29710863621678,1.5326980471621,0.147632594304521,k__Bacteria|p__Actinobacteria|c__Actinobacteria|o__Corynebacteriales|f__Nocardiaceae|g__GGB30301,PrePostPost,-3.06497699831246
PrePostPost57,-0.819023268253082,0.539132951457082,-1.5191489706566,0.150982094028473,k__Bacteria|p__Firmicutes|c__Clostridia|o__Clostridia_unclassified|f__Clostridia_unclassified|g__GGB28404,PrePostPost,2.698540676668
PrePostPost79,-1.15988049454002,0.779552127392961,-1.48788060962514,0.158957694891105,k__Bacteria|p__Bacteria_unclassified|c__CFGB9644|o__OFGB9644|f__FGB9644|g__GGB28948,PrePostPost,3.10966169596773
PrePostPost107,2.28677140997789,1.60687436007449,1.42311774137207,0.176603222670353,k__Bacteria|p__Firmicutes|c__CFGB9512|o__OFGB9512|f__FGB9512|g__GGB28396,PrePostPost,-3.19867740398399
PrePostPost65,-0.812781970031952,0.575238792713144,-1.41294707576731,0.179516635379051,k__Bacteria|p__Firmicutes|c__CFGB9633|o__OFGB9633|f__FGB9633|g__GGB28881,PrePostPost,3.38217676021659
PrePostPost60,2.32850223557362,1.72594588175304,1.34911659756595,0.198716085958561,k__Bacteria|p__Bacteria_unclassified|c__CFGB8157|o__OFGB8157|f__FGB8157|g__GGB28887,PrePostPost,-1.36725694801012
PrePostPost66,-1.05284128595864,0.794789906896086,-1.32467873185548,0.206494953656809,k__Bacteria|p__Firmicutes|c__Clostridia|o__Clostridiales|f__Lachnospiraceae|g__GGB28960,PrePostPost,1.84175295582211
PrePostPost43,-0.553697610554325,0.422193452553918,-1.31147844004903,0.210797788374512,k__Bacteria|p__Firmicutes|c__Clostridia|o__Clostridiales|f__Clostridiales_unclassified|g__Clostridiales_unclassified,PrePostPost,2.82574436311136
PrePostPost75,-0.953613213791105,0.740179977600646,-1.28835316091948,0.218508947488805,k__Bacteria|p__Actinobacteria|c__Actinobacteria|o__Corynebacteriales|f__Nocardiaceae|g__GGB30302,PrePostPost,1.29065624632419
PrePostPost48,2.0469520439937,1.58934926715216,1.28791832374358,0.218656072674485,k__Bacteria|p__Firmicutes|c__Clostridia|o__Clostridiales|f__Lachnospiraceae|g__GGB28851,PrePostPost,-2.20613984673929
PrePostPost63,-1.21620476903954,0.960864106259422,-1.26574066105367,0.226264948441694,k__Bacteria|p__Firmicutes|c__CFGB10348|o__OFGB10348|f__FGB10348|g__GGB31851,PrePostPost,2.9094294474372
PrePostPost6,-2.27492368524609,1.82677852814532,-1.24531991710882,0.233455039197112,k__Bacteria|p__Firmicutes|c__Clostridia|o__Clostridia_unclassified|f__Clostridia_unclassified|g__GGB31841,PrePostPost,2.70739045666643
PrePostPost114,-1.37598544873455,1.11088844628747,-1.23863512428545,0.235847428395112,k__Bacteria|p__Firmicutes|c__CFGB9517|o__OFGB9517|f__FGB9517|g__GGB28437,PrePostPost,-3.91689452444553
PrePostPost83,1.55018497663799,1.25794790116704,1.23231254267354,0.238127858070987,k__Bacteria|p__Firmicutes|c__Clostridia|o__Clostridia_unclassified|f__Clostridia_unclassified|g__GGB28422,PrePostPost,-0.858552454474401
PrePostPost61,-0.824179679000864,0.677490690251248,-1.21651808779131,0.243900052663152,k__Bacteria|p__Firmicutes|c__CFGB9644|o__OFGB9644|f__FGB9644|g__GGB28949,PrePostPost,3.6389586549707
PrePostPost108,-1.75412463822145,1.51196849727704,-1.16015951481828,0.26538670621296,k__Bacteria|p__Bacteria_unclassified|c__CFGB8157|o__OFGB8157|f__FGB8157|g__GGB28901,PrePostPost,3.72278991169553
PrePostPost78,-1.70200174651844,1.49218891696039,-1.14060741717975,0.273170447902365,k__Bacteria|p__Firmicutes|c__CFGB8123|o__OFGB8123|f__FGB8123|g__GGB28956,PrePostPost,0.477905483353827
PrePostPost69,-1.24597072007317,1.09698468602379,-1.13581414211844,0.275104871158875,k__Bacteria|p__Firmicutes|c__Clostridia|o__Clostridiales|f__Ruminococcaceae|g__GGB30451,PrePostPost,-0.0946633638996495
PrePostPost116,0.935126259453456,0.842484331434221,1.10996279047887,0.285716771844346,k__Bacteria|p__Firmicutes|c__Clostridia|o__Clostridiales|f__Peptostreptococcaceae|g__Romboutsia,PrePostPost,-6.17021148410556
PrePostPost62,-0.835167719288282,0.778375775703272,-1.07296211593134,0.301435211940504,k__Bacteria|p__Firmicutes|c__Clostridia|o__Clostridiales|f__Lachnospiraceae|g__GGB28818,PrePostPost,1.63779629032638
PrePostPost56,-0.983968427655326,0.945821767377989,-1.04033176396763,0.31581966366112,k__Bacteria|p__Actinobacteria|c__Actinobacteria|o__Corynebacteriales|f__Nocardiaceae|g__GGB30303,PrePostPost,1.61463819055046
PrePostPost85,-1.1172716232436,1.07892849916087,-1.03553815114955,0.317974359167251,k__Bacteria|p__Firmicutes|c__Erysipelotrichia|o__Erysipelotrichales|f__Erysipelotrichaceae|g__GGB31184,PrePostPost,0.631888923798062
PrePostPost9,0.762027776858333,0.759432802917271,1.00341698953626,0.332688383757309,k__Bacteria|p__Firmicutes|c__Clostridia|o__Clostridiales|f__Ruminococcaceae|g__GGB3171,PrePostPost,3.16877168257393
PrePostPost94,-1.55850699307185,1.55734493063662,-1.00074618179465,0.333933485927813,k__Bacteria|p__Firmicutes|c__Clostridia|o__Clostridiales|f__Ruminococcaceae|g__GGB30290,PrePostPost,-2.66696799454276
PrePostPost95,1.30827287603909,1.34372023878195,0.973619982999589,0.346768397664515,k__Bacteria|p__Firmicutes|c__Clostridia|o__Clostridiales|f__Ruminococcaceae|g__GGB30457,PrePostPost,-3.21451540875645
PrePostPost17,-0.486166014019329,0.5016775375703,-0.969080689508053,0.34894983517,k__Bacteria|p__Firmicutes|c__Clostridia|o__Clostridiales|f__Ruminococcaceae|g__GGB30461,PrePostPost,5.32887580660821
PrePostPost77,-0.761879779353661,0.794211462741313,-0.959290837636547,0.353687395302667,k__Bacteria|p__Bacteria_unclassified|c__CFGB8123|o__OFGB8123|f__FGB8123|g__GGB28955,PrePostPost,1.79605396380348
PrePostPost5,0.494394889477077,0.527842566571814,0.936633232685326,0.364824387366716,k__Bacteria|p__Firmicutes|c__Erysipelotrichia|o__Erysipelotrichales|f__Erysipelotrichaceae|g__Turicibacter,PrePostPost,4.73480170189955
PrePostPost72,-1.02930459517028,1.09903827561057,-0.936550271280089,0.364865608299429,k__Bacteria|p__Firmicutes|c__Clostridia|o__Clostridiales|f__Ruminococcaceae|g__Neglecta,PrePostPost,2.15286929581154
PrePostPost41,1.02350161696776,1.10170261326049,0.929018053191964,0.368621588894872,k__Bacteria|p__Firmicutes|c__Clostridia|o__Clostridiales|f__Lachnospiraceae|g__GGB28869,PrePostPost,0.0975376636133213
PrePostPost59,1.2234752502284,1.32195034126996,0.925507722970167,0.370381127314749,k__Bacteria|p__Firmicutes|c__Clostridia|o__Clostridiales|f__Lachnospiraceae|g__GGB28852,PrePostPost,0.407178374195704
PrePostPost74,1.64895881735225,1.78622295464008,0.923153973062964,0.371564172460705,k__Bacteria|p__Firmicutes|c__CFGB9659|o__OFGB9659|f__FGB9659|g__GGB29003,PrePostPost,-1.8297083199365
PrePostPost64,-1.16786574426554,1.29321049265338,-0.903074751480974,0.381762052324061,k__Bacteria|p__Firmicutes|c__Clostridia|o__Clostridiales|f__Lachnospiraceae|g__GGB28766,PrePostPost,0.700659274945293
PrePostPost80,-0.934827019622323,1.04932864857552,-0.890881060849108,0.388047239946169,k__Bacteria|p__Actinobacteria|c__Coriobacteriia|o__Eggerthellales|f__Eggerthellaceae|g__Adlercreutzia,PrePostPost,-0.413946680595401
PrePostPost12,0.592494060295071,0.66733261732853,0.887854189814588,0.38961821596251,k__Bacteria|p__Firmicutes|c__CFGB9512|o__OFGB9512|f__FGB9512|g__GGB28392,PrePostPost,3.02902656839523
PrePostPost113,-1.29232548721815,1.48589199471628,-0.86973043250355,0.399114279430851,k__Bacteria|p__Firmicutes|c__CFGB9508|o__OFGB9508|f__FGB9508|g__GGB28382,PrePostPost,-3.85936791665584
PrePostPost36,-0.356117567129839,0.427936535726237,-0.832173786062655,0.419280019616232,k__Bacteria|p__Firmicutes|c__Clostridia|o__Clostridiales|f__Lachnospiraceae|g__GGB28927,PrePostPost,3.31415340992357
PrePostPost112,1.50142837246712,1.83622609553734,0.817670752047421,0.427242603713923,k__Bacteria|p__Firmicutes|c__Clostridia|o__Clostridiales|f__Lachnospiraceae|g__GGB28803,PrePostPost,-3.39936401630764
PrePostPost91,-1.26115222092191,1.54291961191804,-0.817380381440702,0.427403018807501,k__Bacteria|p__Firmicutes|c__CFGB9516|o__OFGB9516|f__FGB9516|g__GGB28431,PrePostPost,0.408371956902691
PrePostPost118,1.16642144306946,1.48226565780077,0.78691794344077,0.444447659927237,k__Bacteria|p__Firmicutes|c__Clostridia|o__Clostridiales|f__Lachnospiraceae|g__GGB28916,PrePostPost,-5.34071816464473
PrePostPost125,1.22661065837821,1.57343142087621,0.779576816697313,0.448618873997364,k__Bacteria|p__Bacteria_unclassified|c__CFGB8157|o__OFGB8157|f__FGB8157|g__GGB28894,PrePostPost,-4.09084252221386
PrePostPost23,-0.418091502272049,0.555300026039887,-0.752911007863014,0.463976651374077,k__Bacteria|p__Firmicutes|c__Clostridia|o__Clostridiales|f__Lachnospiraceae|g__GGB28765,PrePostPost,4.80409195113755
PrePostPost101,0.944151415972085,1.26634395774816,0.745572646511453,0.468259523305069,k__Bacteria|p__Firmicutes|c__Clostridia|o__Clostridiales|f__Lachnospiraceae|g__GGB28926,PrePostPost,-4.77109544395798
PrePostPost22,0.425630994169403,0.582267932227315,0.730988211116594,0.476843210388427,k__Bacteria|p__Firmicutes|c__CFGB31439|o__OFGB31439|f__FGB31439|g__GGB47127,PrePostPost,2.98221741410782
PrePostPost122,-0.729530625812889,1.02172818610565,-0.714016345769532,0.486951524416974,k__Bacteria|p__Firmicutes|c__Clostridia|o__Clostridiales|f__Lachnospiraceae|g__GGB28968,PrePostPost,-4.77274583373925
PrePostPost70,0.906756542835586,1.27046471586815,0.713720366658095,0.487128941356831,k__Bacteria|p__Firmicutes|c__Clostridia|o__Clostridiales|f__Clostridiaceae|g__GGB30145,PrePostPost,-1.14665109206495
PrePostPost42,-0.175334240579375,0.257586537968473,-0.680680915866941,0.507175604834868,k__Bacteria|p__Firmicutes|c__Clostridia|o__Clostridiales|f__Ruminococcaceae|g__GGB30466,PrePostPost,2.23364144586101
PrePostPost37,-0.764588585825483,1.15188085285365,-0.66377402135933,0.517617471673316,k__Bacteria|p__Firmicutes|c__CFGB9479|o__OFGB9479|f__FGB9479|g__GGB28330,PrePostPost,2.21219269023439
PrePostPost20,0.425062938169197,0.641946568273779,0.662146912494928,0.518628872511261,k__Bacteria|p__Firmicutes|c__CFGB9850|o__OFGB9850|f__FGB9850|g__GGB29622,PrePostPost,4.04928899177672
PrePostPost3,-0.481271276507361,0.749966553888982,-0.641723652890531,0.53141973038759,k__Bacteria|p__Verrucomicrobia|c__Verrucomicrobiae|o__Verrucomicrobiales|f__Akkermansiaceae|g__Akkermansia,PrePostPost,6.44370351416908
PrePostPost15,-0.65819222237287,1.02864080302213,-0.639865947801323,0.532591949568437,k__Bacteria|p__Firmicutes|c__Clostridia|o__Clostridiales|f__Ruminococcaceae|g__GGB30295,PrePostPost,2.95963984392114
PrePostPost87,-0.93738956435084,1.4884162204129,-0.629789941479405,0.538975177815651,k__Bacteria|p__Firmicutes|c__Clostridia|o__Clostridiales|f__Ruminococcaceae|g__GGB30297,PrePostPost,-1.00904367785286
PrePostPost119,-0.960415418438163,1.5587161017574,-0.616158014506506,0.54767843657737,k__Bacteria|p__Firmicutes|c__CFGB10299|o__OFGB10299|f__FGB10299|g__GGB31440,PrePostPost,-3.81725387823164
PrePostPost111,1.28466987741723,2.2047073731103,0.582694054134214,0.569366194476545,k__Bacteria|p__Firmicutes|c__Clostridia|o__Clostridiales|f__Clostridiaceae|g__GGB28988,PrePostPost,-0.358373854690921
PrePostPost27,-1.07193139887639,1.87846601968927,-0.570641889520955,0.577287375591695,k__Bacteria|p__Firmicutes|c__Clostridia|o__Clostridia_unclassified|f__Clostridia_unclassified|g__GGB28415,PrePostPost,2.08720287235295
PrePostPost99,0.937525952783287,1.64534873489893,0.569803794720075,0.577840343588673,k__Bacteria|p__Firmicutes|c__Clostridia|o__Clostridiales|f__Ruminococcaceae|g__GGB30448,PrePostPost,-0.500539347194791
PrePostPost102,0.815882592827915,1.43617191050517,0.568095356036404,0.578968413567089,k__Bacteria|p__Bacteria_unclassified|c__CFGB8123|o__OFGB8123|f__FGB8123|g__GGB28950,PrePostPost,-1.71377269534157
PrePostPost89,-0.557608627302377,0.992611237806554,-0.561759333427018,0.58316204439112,k__Bacteria|p__Firmicutes|c__Clostridia|o__Clostridiales|f__Lachnospiraceae|g__GGB28792,PrePostPost,1.47782072149056
PrePostPost53,0.954002142486905,1.72222454825667,0.553935979749331,0.588361703099871,k__Bacteria|p__Firmicutes|c__Clostridia|o__Clostridiales|f__Lachnospiraceae|g__GGB28793,PrePostPost,-2.4608836994191
PrePostPost,0.295963570614367,0.553561984212522,0.534652991092578,0.601278472745702,k__Bacteria|p__Bacteroidetes|c__Bacteroidia|o__Bacteroidales|f__Muribaculaceae|g__Muribaculaceae_unclassified,PrePostPost,7.62104740802106
PrePostPost14,-0.377256271411181,0.707130383331408,-0.53350312800005,0.602053186608383,k__Bacteria|p__Firmicutes|c__Clostridia|o__Clostridia_unclassified|f__Clostridia_unclassified|g__GGB29685,PrePostPost,5.06249458828829
PrePostPost121,0.59000991223027,1.12994783572608,0.522156770052257,0.609724385587287,k__Bacteria|p__Firmicutes|c__Clostridia|o__Clostridiales|f__Lachnospiraceae|g__GGB29006,PrePostPost,-5.62997114528004
PrePostPost55,0.669732310599663,1.351877374722,0.495409068250283,0.627996660962103,k__Bacteria|p__Firmicutes|c__Clostridia|o__Clostridiales|f__Ruminococcaceae|g__GGB30445,PrePostPost,0.630505246970781
PrePostPost26,0.902265197888847,1.91634454135685,0.470826189350067,0.645016699609871,k__Bacteria|p__Firmicutes|c__CFGB9506|o__OFGB9506|f__FGB9506|g__GGB28379,PrePostPost,-0.26375734108439
PrePostPost117,-0.369124053974067,0.792890923420616,-0.465542034939215,0.648702771862633,k__Bacteria|p__Firmicutes|c__CFGB9575|o__OFGB9575|f__FGB9575|g__GGB28632,PrePostPost,-5.43964771733665
PrePostPost104,0.638249318587414,1.4047473247938,0.454351688251907,0.65654035696439,k__Bacteria|p__Firmicutes|c__Clostridia|o__Clostridiales|f__Oscillospiraceae|g__Oscillibacter,PrePostPost,-2.39178725889654
PrePostPost11,0.296989002503661,0.666926982113488,0.44530962229554,0.662904165058505,k__Bacteria|p__Firmicutes|c__CFGB10299|o__OFGB10299|f__FGB10299|g__GGB31438,PrePostPost,4.65619370890143
PrePostPost127,0.85358262298168,1.93580997433815,0.440943395424707,0.665986855119044,k__Bacteria|p__Firmicutes|c__Clostridia|o__Clostridia_unclassified|f__Clostridia_unclassified|g__GGB29683,PrePostPost,-4.05214794939668
PrePostPost73,-0.388841539420096,0.931729568554313,-0.417333046565677,0.682764022748297,k__Bacteria|p__Firmicutes|c__Clostridia|o__Clostridiales|f__Lachnospiraceae|g__GGB28924,PrePostPost,1.63534097374112
PrePostPost105,0.42850797337425,1.1510757928545,0.372267383289864,0.715268421754776,k__Bacteria|p__Bacteria_unclassified|c__CFGB8157|o__OFGB8157|f__FGB8157|g__GGB28888,PrePostPost,-4.38002671179363
PrePostPost126,0.557015204866063,1.50804222935513,0.369363134548464,0.717383808379089,k__Bacteria|p__Firmicutes|c__Clostridia|o__Clostridia_unclassified|f__Clostridia_unclassified|g__GGB28420,PrePostPost,-4.23326923652393
PrePostPost100,0.587074567133308,1.68463817440194,0.34848703778289,0.732659398467448,k__Bacteria|p__Bacteria_unclassified|c__CFGB8157|o__OFGB8157|f__FGB8157|g__GGB28892,PrePostPost,0.2998241614611
PrePostPost50,0.164131717590808,0.473243939634629,0.34682265074018,0.733882454640421,k__Bacteria|p__Firmicutes|c__Clostridia|o__Clostridiales|f__Clostridiales_Family_XIII_Incertae_Sedis|g__Emergencia,PrePostPost,2.03700500242585
PrePostPost19,0.141719995737627,0.430023959549038,0.329563022223802,0.74660915679616,k__Bacteria|p__Firmicutes|c__CFGB9836|o__OFGB9836|f__FGB9836|g__GGB29546,PrePostPost,4.16708285073514
PrePostPost71,0.523564053964645,1.61140682920836,0.324911154945184,0.750052649441198,k__Bacteria|p__Firmicutes|c__Clostridia|o__Clostridiales|f__Lachnospiraceae|g__GGB28621,PrePostPost,-1.46981273337297
PrePostPost21,0.19081903597009,0.592280549471275,0.32217677271427,0.752079334567765,k__Bacteria|p__Tenericutes|c__Mollicutes|o__Acholeplasmatales|f__Acholeplasmatales_unclassified|g__GGB31312,PrePostPost,3.62170767204851
PrePostPost49,0.637438125984503,1.99392395146406,0.319690289851053,0.753923929803354,k__Bacteria|p__Firmicutes|c__Clostridia|o__Clostridiales|f__Lachnospiraceae|g__GGB28763,PrePostPost,-1.47348510855205
PrePostPost106,-0.480898836365811,1.53148390258106,-0.314008417297327,0.758144861447608,k__Bacteria|p__Bacteria_unclassified|c__CFGB8157|o__OFGB8157|f__FGB8157|g__GGB28898,PrePostPost,0.0217526031249042
PrePostPost67,0.271330515548044,0.900593757228218,0.301279587350378,0.767629730094402,k__Bacteria|p__Firmicutes|c__CFGB9656|o__OFGB9656|f__FGB9656|g__GGB28996,PrePostPost,1.08351060362691
PrePostPost39,-0.0975690327982306,0.348397737820463,-0.280050707012656,0.783533985591166,k__Bacteria|p__Firmicutes|c__Clostridia|o__Clostridiales|f__Ruminococcaceae|g__GGB30473,PrePostPost,2.95987448877523
PrePostPost4,0.529737885848448,1.90426651575669,0.27818474014282,0.78493686348738,k__Bacteria|p__Firmicutes|c__CFGB11371|o__OFGB11371|f__FGB11371|g__GGB33432,PrePostPost,3.10033702843854
PrePostPost30,0.175725346289777,0.642288924973645,0.273592365456072,0.788392814997532,k__Bacteria|p__Firmicutes|c__Clostridia|o__Clostridia_unclassified|f__Clostridia_unclassified|g__GGB28418,PrePostPost,2.96357455674425
PrePostPost31,0.152395753198119,0.565874326662145,0.269310244373582,0.791619461297411,k__Bacteria|p__Firmicutes|c__CFGB9512|o__OFGB9512|f__FGB9512|g__GGB28394,PrePostPost,2.20164669762436
PrePostPost115,0.454993212311712,1.70953450903055,0.266150352571549,0.794003038079369,k__Bacteria|p__Firmicutes|c__CFGB9508|o__OFGB9508|f__FGB9508|g__GGB28383,PrePostPost,-5.17953667096599
PrePostPost123,0.531398188581269,2.17960250991592,0.243805091141031,0.810918232914068,k__Bacteria|p__Firmicutes|c__Clostridia|o__Clostridiales|f__Lachnospiraceae|g__GGB29005,PrePostPost,-3.16113328426816
PrePostPost44,-0.183008684531708,0.870334487459538,-0.210273966122957,0.836483382941039,k__Bacteria|p__Firmicutes|c__Clostridia|o__Clostridiales|f__Lachnospiraceae|g__GGB28772,PrePostPost,4.00399060087924
PrePostPost86,-0.291416199763564,1.47698134170686,-0.197305268207919,0.846424532834559,k__Bacteria|p__Firmicutes|c__Clostridia|o__Clostridiales|f__Clostridiaceae|g__Clostridiaceae_unclassified,PrePostPost,-0.462166081511129
PrePostPost13,0.0715525970612013,0.381362688071629,0.18762348624877,0.853863935605325,k__Bacteria|p__Bacteria_unclassified|c__Bacteria_unclassified|o__Bacteria_unclassified|f__Bacteria_unclassified|g__Bacteria_unclassified,PrePostPost,4.27681543089179
PrePostPost1,0.103418868342437,0.570728808886969,0.181204920326562,0.858803922880629,k__Bacteria|p__Actinobacteria|c__Actinobacteria|o__Bifidobacteriales|f__Bifidobacteriaceae|g__Bifidobacterium,PrePostPost,7.0918930323691
PrePostPost32,0.241787837021858,1.4647972435654,0.165065737312103,0.871251974806889,k__Bacteria|p__Firmicutes|c__Clostridia|o__Clostridiales|f__Lachnospiraceae|g__GGB28868,PrePostPost,0.971814350551333
PrePostPost18,-0.0670656565058569,0.413670611965146,-0.162123328479296,0.873525362454022,k__Bacteria|p__Firmicutes|c__Clostridia|o__Clostridiales|f__Clostridiaceae|g__GGB28991,PrePostPost,5.04457742668241
PrePostPost97,-0.175868261970781,1.37740260704867,-0.127681086902841,0.900217233158196,k__Bacteria|p__Firmicutes|c__Clostridia|o__Clostridiales|f__Lachnospiraceae|g__GGB28836,PrePostPost,1.28030370245564
PrePostPost16,0.107040629192097,0.963094568644571,0.111142386923376,0.913081104977759,k__Bacteria|p__Firmicutes|c__Clostridia|o__Clostridia_unclassified|f__Clostridia_unclassified|g__GGB31838,PrePostPost,2.8835495605573
PrePostPost103,0.185472518451217,1.69380307032579,0.10950063894709,0.91435950681631,k__Bacteria|p__Firmicutes|c__Clostridia|o__Clostridiales|f__Lachnospiraceae|g__GGB28782,PrePostPost,-3.44036672794653
PrePostPost88,0.117699292158109,1.1172820778336,0.105344294420552,0.917597074818242,k__Bacteria|p__Firmicutes|c__CFGB28398|o__OFGB28398|f__FGB28398|g__GGB42343,PrePostPost,-2.11504485461909
PrePostPost84,0.213121311894527,2.21341863042416,0.0962860386937679,0.924658145513645,k__Bacteria|p__Firmicutes|c__Clostridia|o__Clostridiales|f__Lachnospiraceae|g__Schaedlerella,PrePostPost,-1.16663004140048
PrePostPost25,-0.083311985865164,0.961799084073252,-0.0866209869033508,0.932199484144433,k__Bacteria|p__Firmicutes|c__Clostridia|o__Clostridiales|f__Lachnospiraceae|g__GGB28870,PrePostPost,2.54405892109348
PrePostPost7,-0.0156686398291081,0.329458778254256,-0.0475587261997797,0.962739712835487,k__Bacteria|p__Firmicutes|c__Clostridia|o__Clostridiales|f__Lachnospiraceae|g__Lachnospiraceae_unclassified,PrePostPost,5.30679875845572
PrePostPost51,0.0422649488228115,1.10199076867795,0.0383532693958193,0.969947563616391,k__Bacteria|p__Firmicutes|c__CFGB10299|o__OFGB10299|f__FGB10299|g__GGB31439,PrePostPost,1.51014630354276
PrePostPost35,-0.0274322223248129,1.00993263319216,-0.0271624278919537,0.978713574950111,k__Bacteria|p__Firmicutes|c__CFGB8157|o__OFGB8157|f__FGB8157|g__GGB28893,PrePostPost,2.63509432090381
PrePostPost2,0.00806670396683595,0.527496022197223,0.015292445113112,0.988014665696854,k__Bacteria|p__Firmicutes|c__Bacilli|o__Lactobacillales|f__Lactobacillaceae|g__Lactobacillus,PrePostPost,6.74831578702806
