,Value,Std.Error,t-value,p-value,Taxa,Group,BaselineGroup
PrePostPost12,-6.68185168789247,0.792471148792995,-8.43166555409561,2.44039021797844e-08,k__Bacteria|p__Firmicutes|c__CFGB9512|o__OFGB9512|f__FGB9512|g__GGB28392,PrePostPost,2.33333417955236
PrePostPost5,2.11252856947551,0.280758980302002,7.52434905983467,1.60816858125189e-07,k__Bacteria|p__Firmicutes|c__Erysipelotrichia|o__Erysipelotrichales|f__Erysipelotrichaceae|g__Turicibacter,PrePostPost,4.35803225664496
PrePostPost,1.84236068715869,0.267663048693573,6.88313420978727,6.51327862144984e-07,k__Bacteria|p__Bacteroidetes|c__Bacteroidia|o__Bacteroidales|f__Muribaculaceae|g__Muribaculaceae_unclassified,PrePostPost,6.71326673471357
PrePostPost9,2.83616755113526,0.439621025280042,6.45139196727136,1.72146786715509e-06,k__Bacteria|p__Firmicutes|c__Clostridia|o__Clostridiales|f__Ruminococcaceae|g__GGB3171,PrePostPost,2.33660672935535
PrePostPost11,1.89440889639508,0.33794541035475,5.60566540734042,1.23228549352759e-05,k__Bacteria|p__Firmicutes|c__CFGB10299|o__OFGB10299|f__FGB10299|g__GGB31438,PrePostPost,3.58804349323405
PrePostPost57,-5.33009591116093,0.962748080245224,-5.53633501902522,1.45295240163231e-05,k__Bacteria|p__Firmicutes|c__Clostridia|o__Clostridia_unclassified|f__Clostridia_unclassified|g__GGB28404,PrePostPost,0.147367228827156
PrePostPost29,-5.17839090410761,0.935631967519583,-5.53464512102535,1.45880621694189e-05,k__Bacteria|p__Firmicutes|c__Clostridia|o__Clostridiales|f__Ruminococcaceae|g__GGB30454,PrePostPost,2.32723860663655
PrePostPost3,1.89119905256441,0.348301069506168,5.42978250180458,1.87317045805629e-05,k__Bacteria|p__Verrucomicrobia|c__Verrucomicrobiae|o__Verrucomicrobiales|f__Akkermansiaceae|g__Akkermansia,PrePostPost,5.16821577364437
PrePostPost20,2.04055430246944,0.382130473948461,5.33994130691775,2.32240751711211e-05,k__Bacteria|p__Firmicutes|c__CFGB9850|o__OFGB9850|f__FGB9850|g__GGB29622,PrePostPost,3.33714442915908
PrePostPost51,-4.54290314863343,0.855698320248061,-5.30900089568537,2.50126361742021e-05,k__Bacteria|p__Firmicutes|c__CFGB10299|o__OFGB10299|f__FGB10299|g__GGB31439,PrePostPost,-0.637909740514961
PrePostPost50,1.35666075499382,0.268927514181308,5.04470789879526,4.72816394464959e-05,k__Bacteria|p__Firmicutes|c__Clostridia|o__Clostridiales|f__Clostridiales_Family_XIII_Incertae_Sedis|g__Emergencia,PrePostPost,1.68173064256814
PrePostPost27,-6.20294734659107,1.23476218127882,-5.02359680320529,4.97591642743203e-05,k__Bacteria|p__Firmicutes|c__Clostridia|o__Clostridia_unclassified|f__Clostridia_unclassified|g__GGB28415,PrePostPost,2.52199187285605
PrePostPost80,2.02628206775192,0.417518029611154,4.85316063988673,7.52256608446949e-05,k__Bacteria|p__Actinobacteria|c__Coriobacteriia|o__Eggerthellales|f__Eggerthellaceae|g__Adlercreutzia,PrePostPost,0.0169000492785366
PrePostPost86,-4.51166795985231,0.943371750765499,-4.78249211532072,8.93276466446473e-05,k__Bacteria|p__Firmicutes|c__Clostridia|o__Clostridiales|f__Clostridiaceae|g__Clostridiaceae_unclassified,PrePostPost,2.01828907445783
PrePostPost37,1.97495103393405,0.424315134892019,4.65444400053428,0.000122020109345435,k__Bacteria|p__Firmicutes|c__CFGB9479|o__OFGB9479|f__FGB9479|g__GGB28330,PrePostPost,2.05735920506778
PrePostPost45,1.96234186811597,0.440613944406837,4.45365357366914,0.000199190213300208,k__Bacteria|p__Firmicutes|c__Clostridia|o__Clostridiales|f__Eubacteriaceae|g__GGB28645,PrePostPost,1.04848402746537
PrePostPost47,1.69637292429409,0.388784984943025,4.36326759003485,0.000248414696195912,k__Bacteria|p__Firmicutes|c__CFGB9658|o__OFGB9658|f__FGB9658|g__GGB29002,PrePostPost,0.879046716789168
PrePostPost39,0.811193401678698,0.21549458292239,3.76433314785852,0.00106973672278709,k__Bacteria|p__Firmicutes|c__Clostridia|o__Clostridiales|f__Ruminococcaceae|g__GGB30473,PrePostPost,2.36003495692565
PrePostPost85,1.92409910597585,0.512087647650619,3.75736285536925,0.00108796350332103,k__Bacteria|p__Firmicutes|c__Erysipelotrichia|o__Erysipelotrichales|f__Erysipelotrichaceae|g__GGB31184,PrePostPost,-0.337525436267691
PrePostPost72,1.37975497233011,0.375571229343764,3.67375044872569,0.00133199013343427,k__Bacteria|p__Firmicutes|c__Clostridia|o__Clostridiales|f__Ruminococcaceae|g__Neglecta,PrePostPost,1.6465318497152
PrePostPost4,1.0058933802482,0.275451503543087,3.65179847381322,0.00140453494744821,k__Bacteria|p__Firmicutes|c__CFGB11371|o__OFGB11371|f__FGB11371|g__GGB33432,PrePostPost,4.6107242464667
PrePostPost34,-1.1320318729673,0.315727476100343,-3.58547151787169,0.00164817010068814,k__Bacteria|p__Firmicutes|c__CFGB9650|o__OFGB9650|f__FGB9650|g__GGB28980,PrePostPost,4.3918536712646
PrePostPost117,4.17202713126111,1.16563940166849,3.57917476475942,0.00167335192877201,k__Bacteria|p__Firmicutes|c__CFGB9575|o__OFGB9575|f__FGB9575|g__GGB28632,PrePostPost,-5.23247516592953
PrePostPost42,-2.24071380983334,0.632049383201509,-3.5451562320708,0.00181607273480658,k__Bacteria|p__Firmicutes|c__Clostridia|o__Clostridiales|f__Ruminococcaceae|g__GGB30466,PrePostPost,1.47977991478906
PrePostPost106,-3.33307958805529,0.951089011376885,-3.5044875381643,0.00200242262855398,k__Bacteria|p__Bacteria_unclassified|c__CFGB8157|o__OFGB8157|f__FGB8157|g__GGB28898,PrePostPost,0.454480573672429
PrePostPost43,0.856309415461668,0.24899743702287,3.43902903459612,0.0023423937941942,k__Bacteria|p__Firmicutes|c__Clostridia|o__Clostridiales|f__Clostridiales_unclassified|g__Clostridiales_unclassified,PrePostPost,2.12560649495142
PrePostPost126,-3.29316679064721,0.971679422881741,-3.38914945927388,0.00263874466991705,k__Bacteria|p__Firmicutes|c__Clostridia|o__Clostridia_unclassified|f__Clostridia_unclassified|g__GGB28420,PrePostPost,-2.06024701871312
PrePostPost46,1.05871231558432,0.319796644570343,3.31057981238902,0.00318119818039408,k__Bacteria|p__Actinobacteria|c__Actinobacteria|o__Corynebacteriales|f__Nocardiaceae|g__GGB30286,PrePostPost,1.73451044940722
PrePostPost122,-2.3444225558187,0.74124368529485,-3.16282297215948,0.00450976558170483,k__Bacteria|p__Firmicutes|c__Clostridia|o__Clostridiales|f__Lachnospiraceae|g__GGB28968,PrePostPost,-3.31777531654706
PrePostPost1,1.12667780596345,0.380390940958706,2.96189442136521,0.00720234944532061,k__Bacteria|p__Actinobacteria|c__Actinobacteria|o__Bifidobacteriales|f__Bifidobacteriaceae|g__Bifidobacterium,PrePostPost,5.94979704643582
PrePostPost110,-3.36706061880329,1.14248867182167,-2.9471282314201,0.00745199548466083,k__Bacteria|p__Firmicutes|c__Clostridia|o__Clostridiales|f__Lachnospiraceae|g__GGB28791,PrePostPost,-1.184359826357
PrePostPost8,-3.50019950692889,1.19691084403164,-2.92436109538361,0.00785322013446423,k__Bacteria|p__Firmicutes|c__Clostridia|o__Clostridia_unclassified|f__Clostridia_unclassified|g__GGB31762,PrePostPost,1.30311345867565
PrePostPost25,1.36655214056177,0.486399210544231,2.80952787532844,0.0102120963004071,k__Bacteria|p__Firmicutes|c__Clostridia|o__Clostridiales|f__Lachnospiraceae|g__GGB28870,PrePostPost,2.24536224880813
PrePostPost38,2.28669547729553,0.841996821474441,2.71580060515103,0.0126225576520096,k__Bacteria|p__Firmicutes|c__CFGB9618|o__OFGB9618|f__FGB9618|g__GGB28779,PrePostPost,0.333321188725364
PrePostPost109,-2.84715983708,1.05744939648446,-2.69247856828471,0.0133011179485113,k__Bacteria|p__Firmicutes|c__Clostridia|o__Clostridia_unclassified|f__Clostridia_unclassified|g__GGB28399,PrePostPost,-1.65018757003014
PrePostPost41,1.19460892689574,0.446417994884507,2.67598739429129,0.0138015704393077,k__Bacteria|p__Firmicutes|c__Clostridia|o__Clostridiales|f__Lachnospiraceae|g__GGB28869,PrePostPost,0.798019932822225
PrePostPost32,1.27547697169856,0.49107002973063,2.59734232284183,0.0164420315010579,k__Bacteria|p__Firmicutes|c__Clostridia|o__Clostridiales|f__Lachnospiraceae|g__GGB28868,PrePostPost,1.51855053009313
PrePostPost71,1.89367508792924,0.729845191227128,2.59462569691704,0.0165412175681479,k__Bacteria|p__Firmicutes|c__Clostridia|o__Clostridiales|f__Lachnospiraceae|g__GGB28621,PrePostPost,-0.87127740190101
PrePostPost17,-2.10914465626915,0.83254338280831,-2.53337507668927,0.0189320735782218,k__Bacteria|p__Firmicutes|c__Clostridia|o__Clostridiales|f__Ruminococcaceae|g__GGB30461,PrePostPost,3.68562726234919
PrePostPost44,0.880646665178644,0.354827856147037,2.48189833442421,0.0211872868720065,k__Bacteria|p__Firmicutes|c__Clostridia|o__Clostridiales|f__Lachnospiraceae|g__GGB28772,PrePostPost,3.41265864650569
PrePostPost66,-2.20342356126259,0.898232085669113,-2.45306708190145,0.0225572605851973,k__Bacteria|p__Firmicutes|c__Clostridia|o__Clostridiales|f__Lachnospiraceae|g__GGB28960,PrePostPost,2.48017837125952
PrePostPost52,-1.82667428923752,0.750833414579835,-2.43286227512893,0.023565882925281,k__Bacteria|p__Firmicutes|c__CFGB9639|o__OFGB9639|f__FGB9639|g__GGB28934,PrePostPost,0.941511171905048
PrePostPost88,-2.09866770992709,0.869273931037447,-2.41427659911808,0.0245304482693993,k__Bacteria|p__Firmicutes|c__CFGB28398|o__OFGB28398|f__FGB28398|g__GGB42343,PrePostPost,-1.68028555822684
PrePostPost115,4.11633371522966,1.74763346477075,2.35537588299136,0.027833833964438,k__Bacteria|p__Firmicutes|c__CFGB9508|o__OFGB9508|f__FGB9508|g__GGB28383,PrePostPost,-3.29413306450556
PrePostPost15,1.12055807138814,0.490606240182267,2.28402735149036,0.0323825130349109,k__Bacteria|p__Firmicutes|c__Clostridia|o__Clostridiales|f__Ruminococcaceae|g__GGB30295,PrePostPost,2.72636071188252
PrePostPost62,1.31430570502841,0.577773968048633,2.27477487341171,0.0330198707795045,k__Bacteria|p__Firmicutes|c__Clostridia|o__Clostridiales|f__Lachnospiraceae|g__GGB28818,PrePostPost,1.24801672690502
PrePostPost10,0.935373105348619,0.412112707305029,2.26970216828644,0.0333741552352413,k__Bacteria|p__Firmicutes|c__Clostridia|o__Clostridiales|f__Lachnospiraceae|g__GGB25041,PrePostPost,4.3728519997713
PrePostPost26,2.94908561230161,1.31739805012709,2.23856837500033,0.0356257343577115,k__Bacteria|p__Firmicutes|c__CFGB9506|o__OFGB9506|f__FGB9506|g__GGB28379,PrePostPost,0.0384057678471447
PrePostPost13,0.577960367720135,0.258598704585594,2.23497008094577,0.0358947028123024,k__Bacteria|p__Bacteria_unclassified|c__Bacteria_unclassified|o__Bacteria_unclassified|f__Bacteria_unclassified|g__Bacteria_unclassified,PrePostPost,3.99559443403715
PrePostPost98,2.33530752681765,1.07938445361316,2.16355490298233,0.0416297900470964,k__Bacteria|p__Actinobacteria|c__Actinobacteria|o__Corynebacteriales|f__Nocardiaceae|g__GGB30301,PrePostPost,-3.63301211604754
PrePostPost22,-2.21445045083734,1.02569708305451,-2.15897118888428,0.0420248138405828,k__Bacteria|p__Firmicutes|c__CFGB31439|o__OFGB31439|f__FGB31439|g__GGB47127,PrePostPost,2.27842154108919
PrePostPost21,0.833997231715303,0.39806903435201,2.09510702854069,0.047891990228714,k__Bacteria|p__Tenericutes|c__Mollicutes|o__Acholeplasmatales|f__Acholeplasmatales_unclassified|g__GGB31312,PrePostPost,2.90778384867094
PrePostPost18,0.500207081313688,0.240381171460796,2.08089127061795,0.0492942370120174,k__Bacteria|p__Firmicutes|c__Clostridia|o__Clostridiales|f__Clostridiaceae|g__GGB28991,PrePostPost,4.87972717670803
PrePostPost75,-1.56276602587609,0.755442551481504,-2.06867619888679,0.0505284268039538,k__Bacteria|p__Actinobacteria|c__Actinobacteria|o__Corynebacteriales|f__Nocardiaceae|g__GGB30302,PrePostPost,0.412549740871007
PrePostPost77,-0.634123499579304,0.310192632939129,-2.04428936164883,0.053075482554061,k__Bacteria|p__Bacteria_unclassified|c__CFGB8123|o__OFGB8123|f__FGB8123|g__GGB28955,PrePostPost,2.73574544317172
PrePostPost31,-1.9720149088379,0.983581227990606,-2.00493345411502,0.0574282486142282,k__Bacteria|p__Firmicutes|c__CFGB9512|o__OFGB9512|f__FGB9512|g__GGB28394,PrePostPost,1.76245292115273
PrePostPost92,-1.34376844301665,0.680344919010171,-1.97512821139561,0.0609329691639502,k__Bacteria|p__Firmicutes|c__Clostridia|o__Clostridiales|f__Lachnospiraceae|g__GGB28963,PrePostPost,0.800795690207505
PrePostPost120,-1.72556604709469,0.878542727957747,-1.96412307811815,0.0622741578558343,k__Bacteria|p__Firmicutes|c__CFGB9644|o__OFGB9644|f__FGB9644|g__GGB28945,PrePostPost,-2.40408944980462
PrePostPost96,2.38542226169204,1.25394153317861,1.90233930257119,0.0702985803908387,k__Bacteria|p__Firmicutes|c__Clostridia|o__Clostridiales|f__Lachnospiraceae|g__Dorea,PrePostPost,-3.70225161200274
PrePostPost125,2.12271739339993,1.17096902068219,1.81278697891022,0.0835341245169931,k__Bacteria|p__Bacteria_unclassified|c__CFGB8157|o__OFGB8157|f__FGB8157|g__GGB28894,PrePostPost,-2.93445929618229
PrePostPost118,-1.96617686391021,1.08729241417225,-1.80832390466648,0.0842468777178057,k__Bacteria|p__Firmicutes|c__Clostridia|o__Clostridiales|f__Lachnospiraceae|g__GGB28916,PrePostPost,-2.50750765332958
PrePostPost104,-1.72111720494602,0.9548388334063,-1.80252116349949,0.0851814378376752,k__Bacteria|p__Firmicutes|c__Clostridia|o__Clostridiales|f__Oscillospiraceae|g__Oscillibacter,PrePostPost,-2.47906710116681
PrePostPost53,0.637821626804138,0.361090575944585,1.76637572203496,0.091206792547647,k__Bacteria|p__Firmicutes|c__Clostridia|o__Clostridiales|f__Lachnospiraceae|g__GGB28793,PrePostPost,1.09834341476866
PrePostPost112,-1.83241170986337,1.06362570535132,-1.72279750352415,0.0989548349921588,k__Bacteria|p__Firmicutes|c__Clostridia|o__Clostridiales|f__Lachnospiraceae|g__GGB28803,PrePostPost,-3.09769044302873
PrePostPost103,-2.13344856326839,1.27651764079044,-1.67130362722393,0.108827435493563,k__Bacteria|p__Firmicutes|c__Clostridia|o__Clostridiales|f__Lachnospiraceae|g__GGB28782,PrePostPost,1.01909154950183
PrePostPost91,-1.6643540523752,1.00266978259106,-1.65992242039472,0.11111856873229,k__Bacteria|p__Firmicutes|c__CFGB9516|o__OFGB9516|f__FGB9516|g__GGB28431,PrePostPost,-2.86834456231477
PrePostPost123,2.27051042992454,1.41541230772019,1.60413359241001,0.122945488815095,k__Bacteria|p__Firmicutes|c__Clostridia|o__Clostridiales|f__Lachnospiraceae|g__GGB29005,PrePostPost,-4.68873232044422
PrePostPost6,-1.94652621078069,1.23168521101042,-1.58037637651251,0.128292144754975,k__Bacteria|p__Firmicutes|c__Clostridia|o__Clostridia_unclassified|f__Clostridia_unclassified|g__GGB31841,PrePostPost,0.763550287170188
PrePostPost82,-1.49329476193064,0.961214323815017,-1.55355025922191,0.134560291755398,k__Bacteria|p__Actinobacteria|c__Actinobacteria|o__Corynebacteriales|f__Nocardiaceae|g__GGB30300,PrePostPost,1.33456491443331
PrePostPost127,2.21841974385754,1.44077110545132,1.53974474881118,0.137883481324947,k__Bacteria|p__Firmicutes|c__Clostridia|o__Clostridia_unclassified|f__Clostridia_unclassified|g__GGB29683,PrePostPost,-5.57412271105709
PrePostPost24,-0.817751198746566,0.564888306033836,-1.44763343480788,0.161820912592735,k__Bacteria|p__Firmicutes|c__CFGB9528|o__OFGB9528|f__FGB9528|g__GGB28456,PrePostPost,2.35512667249506
PrePostPost111,2.06878009620394,1.45606796794891,1.42079912596259,0.169394471971138,k__Bacteria|p__Firmicutes|c__Clostridia|o__Clostridiales|f__Clostridiaceae|g__GGB28988,PrePostPost,0.696286488206011
PrePostPost99,1.07200197226512,0.763079677872282,1.40483622267889,0.174032956036015,k__Bacteria|p__Firmicutes|c__Clostridia|o__Clostridiales|f__Ruminococcaceae|g__GGB30448,PrePostPost,0.77840777796541
PrePostPost59,1.00387951406234,0.727084940285087,1.38069083602354,0.181241176489715,k__Bacteria|p__Firmicutes|c__Clostridia|o__Clostridiales|f__Lachnospiraceae|g__GGB28852,PrePostPost,1.25999471746298
PrePostPost114,-1.56608103083742,1.17606582503098,-1.33162702078871,0.196616362525359,k__Bacteria|p__Firmicutes|c__CFGB9517|o__OFGB9517|f__FGB9517|g__GGB28437,PrePostPost,-3.65799222719269
PrePostPost116,1.86839361608303,1.43974657425449,1.297723953294,0.207824713081344,k__Bacteria|p__Firmicutes|c__Clostridia|o__Clostridiales|f__Peptostreptococcaceae|g__Romboutsia,PrePostPost,-3.82738635263531
PrePostPost19,0.664972307483659,0.516856626989397,1.28657014877996,0.211618625234144,k__Bacteria|p__Firmicutes|c__CFGB9836|o__OFGB9836|f__FGB9836|g__GGB29546,PrePostPost,3.59061468351438
PrePostPost68,1.05495629714637,0.837514878239744,1.25962693267448,0.221003799256453,k__Bacteria|p__Firmicutes|c__Clostridia|o__Clostridiales|f__Clostridiaceae|g__Candidatus_Arthromitus,PrePostPost,-6.26544291957277
PrePostPost73,1.33654637410015,1.06510162931808,1.25485337484261,0.222699377780239,k__Bacteria|p__Firmicutes|c__Clostridia|o__Clostridiales|f__Lachnospiraceae|g__GGB28924,PrePostPost,0.412063414371522
PrePostPost60,1.28565692889895,1.02891664333667,1.24952486406449,0.224603816323068,k__Bacteria|p__Bacteria_unclassified|c__CFGB8157|o__OFGB8157|f__FGB8157|g__GGB28887,PrePostPost,-0.226267383661607
PrePostPost54,-1.3909757460499,1.1305428104375,-1.23036096749987,0.23155598563297,k__Bacteria|p__Firmicutes|c__CFGB9827|o__OFGB9827|f__FGB9827|g__GGB29531,PrePostPost,1.20697572532518
PrePostPost124,1.63386047968155,1.3700759207716,1.19253280413934,0.24575657698576,k__Bacteria|p__Firmicutes|c__CFGB9516|o__OFGB9516|f__FGB9516|g__GGB28430,PrePostPost,-2.5178378567738
PrePostPost14,-1.05930963415108,0.904005416085986,-1.17179567212938,0.253813487141223,k__Bacteria|p__Firmicutes|c__Clostridia|o__Clostridia_unclassified|f__Clostridia_unclassified|g__GGB29685,PrePostPost,3.48686180816218
PrePostPost105,-1.11329015768613,0.951118080967444,-1.1705067750933,0.25432067584575,k__Bacteria|p__Bacteria_unclassified|c__CFGB8157|o__OFGB8157|f__FGB8157|g__GGB28888,PrePostPost,-1.74028667477701
PrePostPost113,-1.56020234202495,1.33729520174034,-1.16668506698784,0.255828972476113,k__Bacteria|p__Firmicutes|c__CFGB9508|o__OFGB9508|f__FGB9508|g__GGB28382,PrePostPost,-1.51172404025713
PrePostPost33,0.447739163431575,0.388631985919302,1.15209035708282,0.261650144300291,k__Bacteria|p__Firmicutes|c__Clostridia|o__Clostridiales|f__Lachnospiraceae|g__GGB28798,PrePostPost,3.37997425042591
PrePostPost101,1.20656623365666,1.15524318033731,1.04442619025404,0.307629255787903,k__Bacteria|p__Firmicutes|c__Clostridia|o__Clostridiales|f__Lachnospiraceae|g__GGB28926,PrePostPost,-4.06157424516184
PrePostPost100,0.630684841500719,0.618848551180481,1.01912631175699,0.319220168880893,k__Bacteria|p__Bacteria_unclassified|c__CFGB8157|o__OFGB8157|f__FGB8157|g__GGB28892,PrePostPost,2.24010864154895
PrePostPost56,0.527405688181933,0.531611146536815,0.992089220885834,0.331941041924883,k__Bacteria|p__Actinobacteria|c__Actinobacteria|o__Corynebacteriales|f__Nocardiaceae|g__GGB30303,PrePostPost,0.795513481442204
PrePostPost61,-0.332133925816203,0.339224772450392,-0.979096907979425,0.338176948521651,k__Bacteria|p__Firmicutes|c__CFGB9644|o__OFGB9644|f__FGB9644|g__GGB28949,PrePostPost,3.42111956801594
PrePostPost95,-0.981679853798091,1.036484022356,-0.947124926794977,0.35386312532802,k__Bacteria|p__Firmicutes|c__Clostridia|o__Clostridiales|f__Ruminococcaceae|g__GGB30457,PrePostPost,-1.46223986768598
PrePostPost35,1.46032094841596,1.58284344279593,0.922593422023123,0.366227300361896,k__Bacteria|p__Firmicutes|c__CFGB8157|o__OFGB8157|f__FGB8157|g__GGB28893,PrePostPost,-0.796596064657859
PrePostPost74,1.3736250254162,1.5200870496272,0.903648923101528,0.375970528788182,k__Bacteria|p__Firmicutes|c__CFGB9659|o__OFGB9659|f__FGB9659|g__GGB29003,PrePostPost,-1.51064672378999
PrePostPost121,1.14065355777528,1.36938830596275,0.832965750334302,0.413815910994314,k__Bacteria|p__Firmicutes|c__Clostridia|o__Clostridiales|f__Lachnospiraceae|g__GGB29006,PrePostPost,-4.73918298407393
PrePostPost119,-1.08832397201687,1.32092075566781,-0.823913143424459,0.418831891958539,k__Bacteria|p__Firmicutes|c__CFGB10299|o__OFGB10299|f__FGB10299|g__GGB31440,PrePostPost,-1.70124005875981
PrePostPost48,0.727249925271609,0.890731844143018,0.816463372286082,0.422988325854359,k__Bacteria|p__Firmicutes|c__Clostridia|o__Clostridiales|f__Lachnospiraceae|g__GGB28851,PrePostPost,0.505629799917687
PrePostPost97,-1.36966643138438,1.73360616162302,-0.790067814538729,0.43792180083592,k__Bacteria|p__Firmicutes|c__Clostridia|o__Clostridiales|f__Lachnospiraceae|g__GGB28836,PrePostPost,-0.744095677008082
PrePostPost84,-0.888036089366548,1.13023310707192,-0.785710561662071,0.440417804965778,k__Bacteria|p__Firmicutes|c__Clostridia|o__Clostridiales|f__Lachnospiraceae|g__Schaedlerella,PrePostPost,1.91858960940256
PrePostPost87,0.906086833813108,1.16586888872681,0.777177298900739,0.445331192733211,k__Bacteria|p__Firmicutes|c__Clostridia|o__Clostridiales|f__Ruminococcaceae|g__GGB30297,PrePostPost,-1.42358060861321
PrePostPost78,-0.609714050159443,0.815872286927533,-0.747315554074702,0.462786437224385,k__Bacteria|p__Firmicutes|c__CFGB8123|o__OFGB8123|f__FGB8123|g__GGB28956,PrePostPost,0.46752712440254
PrePostPost81,-0.410642009440459,0.566425653033907,-0.724970712821648,0.476110864873,k__Bacteria|p__Firmicutes|c__Clostridia|o__Clostridiales|f__Ruminococcaceae|g__GGB30475,PrePostPost,2.09752388952569
PrePostPost7,-0.145328362557991,0.206754554323433,-0.702902835845877,0.489488248150409,k__Bacteria|p__Firmicutes|c__Clostridia|o__Clostridiales|f__Lachnospiraceae|g__Lachnospiraceae_unclassified,PrePostPost,5.44580111060835
PrePostPost70,-0.664761417559979,0.948903550429078,-0.700557414143288,0.490922650691426,k__Bacteria|p__Firmicutes|c__Clostridia|o__Clostridiales|f__Clostridiaceae|g__GGB30145,PrePostPost,-0.282587431522116
PrePostPost67,-0.644068793461631,0.927293368068068,-0.694568532074687,0.4945962395616,k__Bacteria|p__Firmicutes|c__CFGB9656|o__OFGB9656|f__FGB9656|g__GGB28996,PrePostPost,0.377639286742271
PrePostPost23,0.240241650792588,0.350499239461426,0.685427024497231,0.500233838909066,k__Bacteria|p__Firmicutes|c__Clostridia|o__Clostridiales|f__Lachnospiraceae|g__GGB28765,PrePostPost,4.2242366075288
PrePostPost94,-0.819862860941241,1.24749442623682,-0.657207634517802,0.517864611491992,k__Bacteria|p__Firmicutes|c__Clostridia|o__Clostridiales|f__Ruminococcaceae|g__GGB30290,PrePostPost,-0.0797521020637234
PrePostPost40,0.195813691219913,0.300551131789234,0.651515401237054,0.521462240825378,k__Bacteria|p__Firmicutes|c__Clostridia|o__Clostridiales|f__Ruminococcaceae|g__GGB30091,PrePostPost,2.70000066753909
PrePostPost102,-0.785019915676951,1.25062130812724,-0.627703934496758,0.536659559113698,k__Bacteria|p__Bacteria_unclassified|c__CFGB8123|o__OFGB8123|f__FGB8123|g__GGB28950,PrePostPost,-1.39568884298536
PrePostPost83,-0.611306790154889,0.976335318181442,-0.626123810919318,0.53767642234327,k__Bacteria|p__Firmicutes|c__Clostridia|o__Clostridia_unclassified|f__Clostridia_unclassified|g__GGB28422,PrePostPost,-0.126976036135378
PrePostPost2,0.261873074724678,0.443665846651203,0.59024844193282,0.561038712397015,k__Bacteria|p__Firmicutes|c__Bacilli|o__Lactobacillales|f__Lactobacillaceae|g__Lactobacillus,PrePostPost,6.3944172259711
PrePostPost76,-0.450083961524699,0.804601334430746,-0.559387540468265,0.581548045976344,k__Bacteria|p__Firmicutes|c__Erysipelotrichia|o__Erysipelotrichales|f__Erysipelotrichaceae|g__Erysipelatoclostridium,PrePostPost,0.973262700283223
PrePostPost55,-0.524188849796202,0.969667410116819,-0.540586230213771,0.594224232058462,k__Bacteria|p__Firmicutes|c__Clostridia|o__Clostridiales|f__Ruminococcaceae|g__GGB30445,PrePostPost,0.537275394936219
PrePostPost36,-0.152588232697919,0.286673356500395,-0.532272111230221,0.599872558168629,k__Bacteria|p__Firmicutes|c__Clostridia|o__Clostridiales|f__Lachnospiraceae|g__GGB28927,PrePostPost,3.06010622126001
PrePostPost65,-0.157001884946327,0.311265201399417,-0.504399091965508,0.618995586966437,k__Bacteria|p__Firmicutes|c__CFGB9633|o__OFGB9633|f__FGB9633|g__GGB28881,PrePostPost,3.23138359040113
PrePostPost30,-0.516340263978531,1.09430012233485,-0.471845203559737,0.641683565622762,k__Bacteria|p__Firmicutes|c__Clostridia|o__Clostridia_unclassified|f__Clostridia_unclassified|g__GGB28418,PrePostPost,1.2950581369184
PrePostPost16,0.401128251376843,0.862690859024683,0.464973341470593,0.646519916456245,k__Bacteria|p__Firmicutes|c__Clostridia|o__Clostridia_unclassified|f__Clostridia_unclassified|g__GGB31838,PrePostPost,2.25957983432704
PrePostPost108,-0.515427136387851,1.30936412485984,-0.393646905854415,0.697630968381721,k__Bacteria|p__Bacteria_unclassified|c__CFGB8157|o__OFGB8157|f__FGB8157|g__GGB28901,PrePostPost,1.90391744599163
PrePostPost79,-0.183390326980668,0.490908412753186,-0.373573404358974,0.71229750186156,k__Bacteria|p__Bacteria_unclassified|c__CFGB9644|o__OFGB9644|f__FGB9644|g__GGB28948,PrePostPost,2.33388156486335
PrePostPost89,0.350982952858076,1.03781080048724,0.338195509907291,0.738422016060355,k__Bacteria|p__Firmicutes|c__Clostridia|o__Clostridiales|f__Lachnospiraceae|g__GGB28792,PrePostPost,0.394005157592464
PrePostPost93,-0.302805259642355,0.972601134386845,-0.311335499144006,0.758476610530535,k__Bacteria|p__Firmicutes|c__Clostridia|o__Clostridiales|f__Lachnospiraceae|g__Roseburia,PrePostPost,2.60424526760229
PrePostPost107,0.370351512399831,1.23310290551246,0.300341123797708,0.766736715579513,k__Bacteria|p__Firmicutes|c__CFGB9512|o__OFGB9512|f__FGB9512|g__GGB28396,PrePostPost,-2.83294018382903
PrePostPost69,-0.243051899755148,0.899090450515734,-0.270330865616167,0.789425541585473,k__Bacteria|p__Firmicutes|c__Clostridia|o__Clostridiales|f__Ruminococcaceae|g__GGB30451,PrePostPost,-0.70356723262601
PrePostPost49,0.342063371016539,1.58234091448551,0.216175520638521,0.830842787915978,k__Bacteria|p__Firmicutes|c__Clostridia|o__Clostridiales|f__Lachnospiraceae|g__GGB28763,PrePostPost,-0.57469063899991
PrePostPost58,-0.132969344833311,0.970865335461093,-0.136959617339885,0.892308386993649,k__Bacteria|p__Firmicutes|c__Clostridia|o__Clostridiales|f__Ruminococcaceae|g__GGB30459,PrePostPost,-5.52922852753245
PrePostPost90,-0.0644641224576833,0.492493897570114,-0.130893241064994,0.89704933357064,k__Bacteria|p__Firmicutes|c__CFGB8157|o__OFGB8157|f__FGB8157|g__GGB28904,PrePostPost,2.40023708066238
PrePostPost28,-0.0203525334247112,0.226193208309866,-0.0899785346199693,0.929118440155204,k__Bacteria|p__Firmicutes|c__Clostridia|o__Clostridiales|f__Lachnospiraceae|g__GGB28769,PrePostPost,3.61664659540337
PrePostPost64,0.0354346139027574,0.554823992803007,0.0638664051346075,0.949653358324499,k__Bacteria|p__Firmicutes|c__Clostridia|o__Clostridiales|f__Lachnospiraceae|g__GGB28766,PrePostPost,1.22968367108701
PrePostPost63,-0.0116695131436917,0.346996940072192,-0.0336300174326146,0.973475444866267,k__Bacteria|p__Firmicutes|c__CFGB10348|o__OFGB10348|f__FGB10348|g__GGB31851,PrePostPost,2.86762873004967
