"","GeneFamily","RPK","Sample_ID","RPKG"
"1","UniRef90_Q8ZNL7|g__Klebsiella.s__Klebsiella_oxytoca",39.377146843,"GO_Pt1_Baseline",0.0342431946393915
"2","UniRef90_Q8ZNL7|g__Klebsiella.s__Klebsiella_pneumoniae",6.416131989,"GO_Pt1_Baseline",0.00557960325077262
"3","UniRef90_Q8ZNL7|g__Escherichia.s__Escherichia_coli",6.4111049856,"GO_Pt1_Baseline",0.00557523166294363
"4","UniRef90_Q8ZNL7|g__Escherichia.s__Escherichia_fergusonii",0.9165902841,"GO_Pt1_Baseline",0.000797086178644533
"5","UniRef90_Q8ZNL7|g__Klebsiella.s__Klebsiella_oxytoca",7.2296455111,"GO_Pt1_C1D1",0.00511946874084385
"6","UniRef90_Q8ZNL7|g__Escherichia.s__Escherichia_fergusonii",0.9165902841,"GO_Pt1_C1D1",0.000649057453841492
"7","UniRef90_Q8ZNL7|g__Klebsiella.s__Klebsiella_pneumoniae",0.9165902841,"GO_Pt1_C1D1",0.000649057453841492
"8","UniRef90_D4JWU0|g__Ruminococcaceae_unclassified.s__Eubacterium_siraeum",8.2089552239,"GO_Pt1_C1D1",0.0058129391820414
"9","UniRef90_D4MUM3|g__Anaerostipes.s__Anaerostipes_hadrus",15.1780058081,"GO_Pt1_C1D3",0.0172236664209881
"10","UniRef90_Q8ZNL7|g__Klebsiella.s__Klebsiella_oxytoca",179.5145620175,"GO_Pt1_C1D7",0.0826078258747842
"11","UniRef90_Q8ZNL7|g__Escherichia.s__Escherichia_coli",22.0994475138,"GO_Pt1_C1D7",0.0101695778416625
"12","UniRef90_Q8ZNL7|g__Escherichia.s__Escherichia_fergusonii",8.2872928177,"GO_Pt1_C1D7",0.00381359169063496
"13","UniRef90_D4MUM3|g__Anaerostipes.s__Anaerostipes_hadrus",158.5995992002,"GO_Pt1_C1D7",0.072983316380002
"14","UniRef90_Q8ZNL7|g__Klebsiella.s__Klebsiella_oxytoca",696.580606705,"GO_Pt1_C2D1",0.533088616543114
"15","UniRef90_Q8ZNL7|g__Escherichia.s__Escherichia_coli",103.3994514845,"GO_Pt1_C2D1",0.079130929016134
"16","UniRef90_Q8ZNL7|g__Escherichia.s__Escherichia_fergusonii",27.4860956157,"GO_Pt1_C2D1",0.0210349305520511
"17","UniRef90_D4MUM3|g__Anaerostipes.s__Anaerostipes_hadrus",243.4890110775,"GO_Pt1_C2D1",0.186340559598332
"18","UniRef90_Q8ZNL7|g__Klebsiella.s__Klebsiella_oxytoca",2258.7812378136,"GO_Pt1_C3D1",0.680426110492189
"19","UniRef90_Q8ZNL7|g__Escherichia.s__Escherichia_coli",330.7358646952,"GO_Pt1_C3D1",0.0996295321775631
"20","UniRef90_Q8ZNL7|g__Escherichia.s__Escherichia_fergusonii",94.3093568362,"GO_Pt1_C3D1",0.0284093686368627
"21","UniRef90_D4MUM3|g__Anaerostipes.s__Anaerostipes_hadrus",175.6046056802,"GO_Pt1_C3D1",0.0528984200980659
"22","UniRef90_D4MUM3|g__Anaerostipes.s__Anaerostipes_hadrus",167.718546687,"GO_Pt12_Baseline",0.097857126698787
"23","UniRef90_D4MUM3|g__Anaerostipes.s__Anaerostipes_hadrus",201.0931374016,"GO_Pt12_C1D1",0.150466001957287
"24","UniRef90_D4MUM3|g__Anaerostipes.s__Anaerostipes_hadrus",162.562793574,"GO_Pt12_C1D3",0.113389299675075
"25","UniRef90_D4MUM3|g__Anaerostipes.s__Anaerostipes_hadrus",238.5217151154,"GO_Pt12_C1D7",0.0957076972843411
"26","UniRef90_D4MUM3|g__Anaerostipes.s__Anaerostipes_hadrus",255.4432561247,"GO_Pt12_C2D1",0.146163585298421
"27","UniRef90_D4MUM3|g__Anaerostipes.s__Anaerostipes_hadrus",433.1802175383,"GO_Pt12_C3D1",0.218465078028628
"28","UniRef90_D4MUM3|g__Anaerostipes.s__Anaerostipes_hadrus",270.364564125,"GO_Pt13_Baseline",0.164352022240237
"29","UniRef90_D4MUM3|g__Anaerostipes.s__Anaerostipes_hadrus",250.3116782209,"GO_Pt13_C1D1",0.139418827134922
"30","UniRef90_D4MUM3|g__Anaerostipes.s__Anaerostipes_hadrus",336.2180733595,"GO_Pt13_C1D3",0.17271499031059
"31","UniRef90_D4MUM3|g__Anaerostipes.s__Anaerostipes_hadrus",193.8104807969,"GO_Pt13_C1D7",0.09183144256901
"32","UniRef90_D4MUM3|g__Anaerostipes.s__Anaerostipes_hadrus",188.2908577043,"GO_Pt13_C2D1",0.112056020890744
"33","UniRef90_D4MUM3|g__Anaerostipes.s__Anaerostipes_hadrus",173.2662033908,"GO_Pt13_C3D1",0.102026486179884
"34","UniRef90_Q8ZNL7|g__Klebsiella.s__Klebsiella_oxytoca",17.3573768651,"GO_Pt14_Baseline",0.0108753086443613
"35","UniRef90_Q8ZNL7|g__Escherichia.s__Escherichia_coli",9.1401195525,"GO_Pt14_Baseline",0.00572676516459482
"36","UniRef90_Q8ZNL7|g__Escherichia.s__Escherichia_fergusonii",7.3461891644,"GO_Pt14_Baseline",0.00460277351489379
"37","UniRef90_D4MUM3|g__Anaerostipes.s__Anaerostipes_hadrus",26.0232171512,"GO_Pt14_Baseline",0.0163049129276888
"38","UniRef90_D4JWU0|g__Ruminococcaceae_unclassified.s__Eubacterium_siraeum",109.7999131304,"GO_Pt14_C1D1",0.0468432049279601
"39","UniRef90_D4MUM3|g__Anaerostipes.s__Anaerostipes_hadrus",34.2342342342,"GO_Pt14_C1D1",0.0146051231195412
"40","UniRef90_D4MUM3|g__Anaerostipes.s__Anaerostipes_hadrus",69.3308281544,"GO_Pt14_C1D3",0.0368649541422318
"41","UniRef90_D4JWU0|g__Ruminococcaceae_unclassified.s__Eubacterium_siraeum",47.8247932419,"GO_Pt14_C1D3",0.0254296516666154
"42","UniRef90_D4MUM3|g__Anaerostipes.s__Anaerostipes_hadrus",36.8508147218,"GO_Pt14_C2D1",0.0210890738405052
"43","UniRef90_D4JWU0|g__Ruminococcaceae_unclassified.s__Eubacterium_siraeum",35.1203822336,"GO_Pt14_C2D1",0.0200987777291395
"44","UniRef90_D4JWU0|g__Ruminococcaceae_unclassified.s__Eubacterium_siraeum",144.2457010039,"GO_Pt14_C3D1",0.0909139117855201
"45","UniRef90_D4MUM3|g__Anaerostipes.s__Anaerostipes_hadrus",32.4324324324,"GO_Pt14_C3D1",0.0204412282697377
"46","UniRef90_D4JWU0|g__Ruminococcaceae_unclassified.s__Eubacterium_siraeum",67.1919187336,"GO_Pt14_Final",0.0224124914612304
"47","UniRef90_D4MUM3|g__Anaerostipes.s__Anaerostipes_hadrus",18.0571077948,"GO_Pt14_Final",0.00602311679578656
"48","UniRef90_D4JWU0|g__Ruminococcaceae_unclassified.s__Eubacterium_siraeum",183.2649574757,"GO_Pt15_Baseline",0.140436956655637
"49","UniRef90_Q8ZNL7|g__Escherichia.s__Escherichia_coli",4.5829514207,"GO_Pt15_C1D1",0.00256739484002044
"50","UniRef90_Q8ZNL7|g__Klebsiella.s__Klebsiella_oxytoca",2.7497708524,"GO_Pt15_C1D1",0.00154043690400106
"51","UniRef90_D4JWU0|g__Ruminococcaceae_unclassified.s__Eubacterium_siraeum",17.1619580668,"GO_Pt15_C2D1",0.0194927481112137
"52","UniRef90_D4MUM3|g__Anaerostipes.s__Anaerostipes_hadrus",172.3490521174,"GO_Pt17_Baseline",0.122134808859156
"53","UniRef90_D4JWU0|g__Ruminococcaceae_unclassified.s__Eubacterium_siraeum",23.0622952812,"GO_Pt17_Baseline",0.0163430491286028
"54","UniRef90_D4MUM3|g__Anaerostipes.s__Anaerostipes_hadrus",300.5352353546,"GO_Pt17_C1D1",0.165582601436803
"55","UniRef90_D4JWU0|g__Ruminococcaceae_unclassified.s__Eubacterium_siraeum",210.8078157648,"GO_Pt17_C1D1",0.116146469469247
"56","UniRef90_D4MUM3|g__Anaerostipes.s__Anaerostipes_hadrus",284.0264221032,"GO_Pt17_C1D7",0.169375374857586
"57","UniRef90_D4MUM3|g__Anaerostipes.s__Anaerostipes_hadrus",224.6159855011,"GO_Pt17_C2D1",0.163505252276091
"58","UniRef90_D4JWU0|g__Ruminococcaceae_unclassified.s__Eubacterium_siraeum",152.8331846481,"GO_Pt17_C2D1",0.11125222613296
"59","UniRef90_D4MUM3|g__Anaerostipes.s__Anaerostipes_hadrus",1223.050779583,"GO_Pt17_C3D1",0.251588304795812
"60","UniRef90_D4JWU0|g__Ruminococcaceae_unclassified.s__Eubacterium_siraeum",63.5961243485,"GO_Pt17_C3D1",0.0130820742552309
"61","UniRef90_Q8ZNL7|g__Klebsiella.s__Klebsiella_oxytoca",51.5348431479,"GO_Pt17_Final",0.0185544807614261
"62","UniRef90_Q8ZNL7|g__Escherichia.s__Escherichia_coli",8.2601375538,"GO_Pt17_Final",0.0029739600232966
"63","UniRef90_Q8ZNL7|g__Escherichia.s__Escherichia_fergusonii",1.8416206262,"GO_Pt17_Final",0.00066305265314591
"64","UniRef90_Q8ZNL7|g__Klebsiella.s__Klebsiella_pneumoniae",57.669689872,"GO_Pt18_Baseline",0.035657018610222
"65","UniRef90_Q8ZNL7|g__Escherichia.s__Escherichia_coli",48.5354466655,"GO_Pt18_Baseline",0.0300093398949841
"66","UniRef90_Q8ZNL7|g__Klebsiella.s__Klebsiella_oxytoca",29.3308890926,"GO_Pt18_Baseline",0.0181352121114315
"67","UniRef90_Q8ZNL7|g__Vibrio.s__Vibrio_parahaemolyticus",1.8331805683,"GO_Pt18_Baseline",0.0011334507569722
"68","UniRef90_Q8ZNL7|g__Citrobacter.s__Citrobacter_amalonaticus",0.9165902841,"GO_Pt18_Baseline",0.000566725378455185
"69","UniRef90_Q8ZNL7|g__Escherichia.s__Escherichia_fergusonii",0.9165902841,"GO_Pt18_Baseline",0.000566725378455185
"70","UniRef90_Q8ZNL7|g__Escherichia.s__Escherichia_coli",26.5769367151,"GO_Pt18_C1D1",0.0228713653737324
"71","UniRef90_Q8ZNL7|g__Klebsiella.s__Klebsiella_pneumoniae",21.067513327,"GO_Pt18_C1D1",0.0181301103277275
"72","UniRef90_Q8ZNL7|g__Klebsiella.s__Klebsiella_oxytoca",19.248395967,"GO_Pt18_C1D1",0.0165646290142012
"73","UniRef90_Q8ZNL7|g__Citrobacter.s__Citrobacter_amalonaticus",5.4995417049,"GO_Pt18_C1D1",0.0047327511469515
"74","UniRef90_Q8ZNL7|g__Vibrio.s__Vibrio_parahaemolyticus",2.7497708524,"GO_Pt18_C1D1",0.00236637557343272
"75","UniRef90_Q8ZNL7|g__Klebsiella.s__Klebsiella_oxytoca",35.5805430344,"GO_Pt18_C1D3",0.0167953916661214
"76","UniRef90_Q8ZNL7|g__Klebsiella.s__Klebsiella_pneumoniae",29.2629602077,"GO_Pt18_C1D3",0.0138132483678866
"77","UniRef90_Q8ZNL7|g__Escherichia.s__Escherichia_coli",14.5882389565,"GO_Pt18_C1D3",0.00688621269092216
"78","UniRef90_Q8ZNL7|g__Citrobacter.s__Citrobacter_amalonaticus",1.8331805683,"GO_Pt18_C1D3",0.000865332089213874
"79","UniRef90_Q8ZNL7|g__Escherichia.s__Escherichia_fergusonii",1.8331805683,"GO_Pt18_C1D3",0.000865332089213874
"80","UniRef90_Q8ZNL7|g__Vibrio.s__Vibrio_parahaemolyticus",0.9165902841,"GO_Pt18_C1D3",0.000432666044583335
"81","UniRef90_Q8ZNL7|g__Klebsiella.s__Klebsiella_pneumoniae",152.82967678,"GO_Pt18_C1D7",0.0837827450024518
"82","UniRef90_Q8ZNL7|g__Escherichia.s__Escherichia_coli",102.887328141,"GO_Pt18_C1D7",0.0564038540108269
"83","UniRef90_Q8ZNL7|g__Klebsiella.s__Klebsiella_oxytoca",74.907445127,"GO_Pt18_C1D7",0.0410650045599121
"84","UniRef90_Q8ZNL7|g__Escherichia.s__Escherichia_fergusonii",1.7968719743,"GO_Pt18_C1D7",0.000985063042706966
"85","UniRef90_Q8ZNL7|g__Citrobacter.s__Citrobacter_amalonaticus",0.9165902841,"GO_Pt18_C1D7",0.000502483887046503
"86","UniRef90_Q8ZNL7|g__Vibrio.s__Vibrio_parahaemolyticus",0.9165902841,"GO_Pt18_C1D7",0.000502483887046503
"87","UniRef90_Q8ZNL7|g__Klebsiella.s__Klebsiella_pneumoniae",86.9328062191,"GO_Pt18_C2D1",0.0498446252979393
"88","UniRef90_Q8ZNL7|g__Escherichia.s__Escherichia_coli",63.9667131661,"GO_Pt18_C2D1",0.0366765665112568
"89","UniRef90_Q8ZNL7|g__Klebsiella.s__Klebsiella_oxytoca",50.3878516561,"GO_Pt18_C2D1",0.0288908605922196
"90","UniRef90_Q8ZNL7|g__Vibrio.s__Vibrio_parahaemolyticus",5.4995417049,"GO_Pt18_C2D1",0.00315326983578845
"91","UniRef90_Q8ZNL7|g__Escherichia.s__Escherichia_fergusonii",1.8331805683,"GO_Pt18_C2D1",0.00105108994526282
"92","UniRef90_Q8ZNL7|g__Citrobacter.s__Citrobacter_amalonaticus",0.9165902841,"GO_Pt18_C2D1",0.00052554497260274
"93","UniRef90_Q8ZNL7|g__Klebsiella.s__Klebsiella_pneumoniae",64.2791551882,"GO_Pt18_C3D1",0.0261994848884297
"94","UniRef90_Q8ZNL7|g__Klebsiella.s__Klebsiella_oxytoca",51.2823933111,"GO_Pt18_C3D1",0.0209021460326118
"95","UniRef90_Q8ZNL7|g__Escherichia.s__Escherichia_coli",36.7309458219,"GO_Pt18_C3D1",0.014971134221989
"96","UniRef90_Q8ZNL7|g__Escherichia.s__Escherichia_fergusonii",2.7548209366,"GO_Pt18_C3D1",0.00112283506663185
"97","UniRef90_Q8ZNL7|g__Citrobacter.s__Citrobacter_amalonaticus",1.8365472911,"GO_Pt18_C3D1",0.000748556711101486
"98","UniRef90_Q8ZNL7|g__Escherichia.s__Escherichia_coli",138.8857458179,"GO_Pt18_Final",0.044681176016579
"99","UniRef90_Q8ZNL7|g__Klebsiella.s__Klebsiella_oxytoca",24.8103088354,"GO_Pt18_Final",0.007981767816214
"100","UniRef90_Q8ZNL7|g__Escherichia.s__Escherichia_fergusonii",0.9199632015,"GO_Pt18_Final",0.000295962969366863
"101","UniRef90_D4MUM3|g__Anaerostipes.s__Anaerostipes_hadrus",126.085872708,"GO_Pt19_Baseline",0.0614950774450955
"102","UniRef90_D4MUM3|g__Anaerostipes.s__Anaerostipes_hadrus",140.3871778972,"GO_Pt19_C1D3",0.0787568002825534
"103","UniRef90_D4MUM3|g__Anaerostipes.s__Anaerostipes_hadrus",324.07455911,"GO_Pt19_C1D7",0.188367922648782
"104","UniRef90_D4MUM3|g__Anaerostipes.s__Anaerostipes_hadrus",197.7120863166,"GO_Pt19_C2D1",0.094298140724351
"105","UniRef90_D4MUM3|g__Anaerostipes.s__Anaerostipes_hadrus",245.0160225266,"GO_Pt19_C3D1",0.154711036111527
"106","UniRef90_D4MUM3|g__Anaerostipes.s__Anaerostipes_hadrus",349.8816970435,"GO_Pt2_Baseline",0.324601559501127
"107","UniRef90_D4MUM3|g__Anaerostipes.s__Anaerostipes_hadrus",441.8872118635,"GO_Pt2_C1D1",0.219268005412531
"108","UniRef90_D4MUM3|g__Anaerostipes.s__Anaerostipes_hadrus",159.6781462192,"GO_Pt2_C1D3",0.0976172092309656
"109","UniRef90_D4MUM3|g__Anaerostipes.s__Anaerostipes_hadrus",830.62820282,"GO_Pt2_C1D7",0.378032992336359
"110","UniRef90_D4MUM3|g__Anaerostipes.s__Anaerostipes_hadrus",35.071942446,"GO_Pt2_C2D1",0.0173841305956138
"111","UniRef90_D4MUM3|g__Anaerostipes.s__Anaerostipes_hadrus",272.3882587392,"GO_Pt2_C3D1",0.184610393114999
"112","UniRef90_D4MUM3|g__Anaerostipes.s__Anaerostipes_hadrus",300.8247947521,"GO_Pt20_Baseline",0.109808422686616
"113","UniRef90_D4JWU0|g__Ruminococcaceae_unclassified.s__Eubacterium_siraeum",29.8953662182,"GO_Pt20_Baseline",0.0109125413440887
"114","UniRef90_D4MUM3|g__Anaerostipes.s__Anaerostipes_hadrus",160.2495364457,"GO_Pt20_C1D1",0.0905234267550212
"115","UniRef90_D4MUM3|g__Anaerostipes.s__Anaerostipes_hadrus",488.1474334123,"GO_Pt20_C1D3",0.242343864334062
"116","UniRef90_Q8ZNL7|g__Klebsiella.s__Klebsiella_oxytoca",286.2365399996,"GO_Pt20_C1D7",0.175793787055953
"117","UniRef90_Q8ZNL7|g__Escherichia.s__Escherichia_coli",280.8234331259,"GO_Pt20_C1D7",0.172469296908511
"118","UniRef90_Q8ZNL7|g__Escherichia.s__Escherichia_fergusonii",33.0578512397,"GO_Pt20_C1D7",0.0203026659746771
"119","UniRef90_D4MUM3|g__Anaerostipes.s__Anaerostipes_hadrus",38.7387387387,"GO_Pt20_C2D1",0.0196200406625659
"120","UniRef90_D4MUM3|g__Anaerostipes.s__Anaerostipes_hadrus",30.6306306306,"GO_Pt20_C3D1",0.0130108113541929
"121","UniRef90_Q8ZNL7|g__Klebsiella.s__Klebsiella_oxytoca",9.1827364555,"GO_Pt21_Baseline",0.00458279715062625
"122","UniRef90_Q8ZNL7|g__Escherichia.s__Escherichia_coli",1.8365472911,"GO_Pt21_Baseline",0.000916559430125249
"123","UniRef90_Q8ZNL7|g__Escherichia.s__Escherichia_fergusonii",0.9182736455,"GO_Pt21_Baseline",0.000458279715037671
"124","UniRef90_Q8ZNL7|g__Klebsiella.s__Klebsiella_oxytoca",12.8558310376,"GO_Pt21_C1D1",0.00601118950055425
"125","UniRef90_Q8ZNL7|g__Escherichia.s__Escherichia_coli",7.3461891644,"GO_Pt21_C1D1",0.00343496542891486
"126","UniRef90_Q8ZNL7|g__Escherichia.s__Escherichia_fergusonii",0.9182736455,"GO_Pt21_C1D1",0.000429370678590979
"127","UniRef90_Q8ZNL7|g__Klebsiella.s__Klebsiella_oxytoca",15.5665042029,"GO_Pt21_C1D3",0.0091069837629912
"128","UniRef90_Q8ZNL7|g__Escherichia.s__Escherichia_fergusonii",2.7548209366,"GO_Pt21_C1D3",0.00161167267952753
"129","UniRef90_Q8ZNL7|g__Escherichia.s__Escherichia_coli",0.9182736455,"GO_Pt21_C1D3",0.000537224226489675
"130","UniRef90_D4MUM3|g__Anaerostipes.s__Anaerostipes_hadrus",190.7891805873,"GO_Pt21_C1D7",0.096577761554082
"131","UniRef90_D4MUM3|g__Anaerostipes.s__Anaerostipes_hadrus",233.8335873694,"GO_Pt22_Baseline",0.0937672353185139
"132","UniRef90_Q8ZNL7|g__Klebsiella.s__Klebsiella_oxytoca",9.2081031308,"GO_Pt22_Baseline",0.00369244804741792
"133","UniRef90_Q8ZNL7|g__Escherichia.s__Escherichia_coli",3.678181855,"GO_Pt22_Baseline",0.00147495040136055
"134","UniRef90_Q8ZNL7|g__Escherichia.s__Escherichia_fergusonii",0.9208103131,"GO_Pt22_Baseline",0.000369244804749812
"135","UniRef90_D4MUM3|g__Anaerostipes.s__Anaerostipes_hadrus",168.8610886729,"GO_Pt22_C1D1",0.0476589501725804
"136","UniRef90_Q8ZNL7|g__Klebsiella.s__Klebsiella_oxytoca",11.97053407,"GO_Pt22_C1D1",0.00337853493226272
"137","UniRef90_Q8ZNL7|g__Escherichia.s__Escherichia_coli",5.521482758,"GO_Pt22_C1D1",0.00155837010000585
"138","UniRef90_Q8ZNL7|g__Escherichia.s__Escherichia_fergusonii",4.6040515654,"GO_Pt22_C1D1",0.00129943651241308
"139","UniRef90_D4MUM3|g__Anaerostipes.s__Anaerostipes_hadrus",72.2086004754,"GO_Pt22_C1D3",0.030735871076289
"140","UniRef90_Q8ZNL7|g__Klebsiella.s__Klebsiella_oxytoca",50.6445672192,"GO_Pt22_C1D3",0.0215570566181252
"141","UniRef90_Q8ZNL7|g__Escherichia.s__Escherichia_coli",11.97053407,"GO_Pt22_C1D3",0.00509530429155996
"142","UniRef90_Q8ZNL7|g__Escherichia.s__Escherichia_fergusonii",3.6832412523,"GO_Pt22_C1D3",0.00156778593586133
"143","UniRef90_D4MUM3|g__Anaerostipes.s__Anaerostipes_hadrus",981.7913305668,"GO_Pt22_C1D7",0.343091823675803
"144","UniRef90_Q8ZNL7|g__Escherichia.s__Escherichia_coli",12.8515913387,"GO_Pt22_C1D7",0.00449105199063554
"145","UniRef90_Q8ZNL7|g__Klebsiella.s__Klebsiella_oxytoca",10.1289134438,"GO_Pt22_C1D7",0.00353959876920227
"146","UniRef90_Q8ZNL7|g__Escherichia.s__Escherichia_fergusonii",8.2031414358,"GO_Pt22_C1D7",0.00286662824110941
"147","UniRef90_Q8ZNL7|g__Vibrio.s__Vibrio_parahaemolyticus",1.8416206262,"GO_Pt22_C1D7",0.000643563412601292
"148","UniRef90_Q8ZNL7|g__Citrobacter.s__Citrobacter_amalonaticus",0.9208103131,"GO_Pt22_C1D7",0.000321781706300646
"149","UniRef90_D4MUM3|unclassified",4.148689471,"GO_Pt22_C2D1",0.00159974079432724
"150","UniRef90_D4MUM3|g__Anaerostipes.s__Anaerostipes_hadrus",110.1366395914,"GO_Pt23_Baseline",0.0634233004047018
"151","UniRef90_D4MUM3|g__Anaerostipes.s__Anaerostipes_hadrus",356.0677380273,"GO_Pt23_C1D1",0.11021364183432
"152","UniRef90_D4MUM3|g__Anaerostipes.s__Anaerostipes_hadrus",1009.3252024469,"GO_Pt23_C1D3",0.250515810265683
"153","UniRef90_D4MUM3|g__Anaerostipes.s__Anaerostipes_hadrus",281.6827970965,"GO_Pt23_C1D7",0.220313993710457
"154","UniRef90_D4MUM3|g__Anaerostipes.s__Anaerostipes_hadrus",191.9653071496,"GO_Pt23_C2D1",0.0742990081362376
"155","UniRef90_D4MUM3|g__Anaerostipes.s__Anaerostipes_hadrus",293.1358861303,"GO_Pt23_C3D1",0.133185988441426
"156","UniRef90_Q8ZNL7|g__Escherichia.s__Escherichia_coli",88.3105767791,"GO_Pt24_Baseline",0.0285257622075464
"157","UniRef90_Q8ZNL7|g__Klebsiella.s__Klebsiella_pneumoniae",85.5521737789,"GO_Pt24_Baseline",0.0276347528751863
"158","UniRef90_Q8ZNL7|g__Klebsiella.s__Klebsiella_oxytoca",0.9208103131,"GO_Pt24_Baseline",0.000297436807546289
"159","UniRef90_D4MUM3|g__Anaerostipes.s__Anaerostipes_hadrus",12.5953227656,"GO_Pt24_Baseline",0.00406849547634065
"160","UniRef90_D4MUM3|g__Anaerostipes.s__Anaerostipes_hadrus",204.6063819914,"GO_Pt24_C1D1",0.11978618694947
"161","UniRef90_Q8ZNL7|g__Escherichia.s__Escherichia_coli",31.2623611294,"GO_Pt24_C1D1",0.0183024546853361
"162","UniRef90_D4JWU0|g__Ruminococcaceae_unclassified.s__Eubacterium_siraeum",118.2800228378,"GO_Pt25_Baseline",0.0428142159673249
"163","UniRef90_D4MUM3|g__Anaerostipes.s__Anaerostipes_hadrus",69.5573622403,"GO_Pt25_Baseline",0.0251779113465129
"164","UniRef90_D4MUM3|g__Anaerostipes.s__Anaerostipes_hadrus",310.4628037488,"GO_Pt25_C1D1",0.0619590746453377
"165","UniRef90_D4JWU0|g__Ruminococcaceae_unclassified.s__Eubacterium_siraeum",308.9585133024,"GO_Pt25_C1D1",0.0616588633384393
"166","UniRef90_D4MUM3|g__Anaerostipes.s__Anaerostipes_hadrus",503.7412422105,"GO_Pt25_C1D3",0.0900937522453419
"167","UniRef90_D4JWU0|g__Ruminococcaceae_unclassified.s__Eubacterium_siraeum",91.3674251244,"GO_Pt25_C1D3",0.0163409970689133
"168","UniRef90_D4JWU0|g__Ruminococcaceae_unclassified.s__Eubacterium_siraeum",726.7239006368,"GO_Pt25_C2D1",0.143737892051087
"169","UniRef90_D4MUM3|g__Anaerostipes.s__Anaerostipes_hadrus",188.7969240703,"GO_Pt25_C2D1",0.0373419284377666
"170","UniRef90_D4MUM3|g__Anaerostipes.s__Anaerostipes_hadrus",100.1768053953,"GO_Pt25_C3D1",0.0310300134246945
"171","UniRef90_D4JWU0|g__Ruminococcaceae_unclassified.s__Eubacterium_siraeum",99.6009442558,"GO_Pt25_C3D1",0.0308516390113866
"172","UniRef90_D4JWU0|g__Ruminococcaceae_unclassified.s__Eubacterium_siraeum",352.7071837004,"GO_Pt25_Final",0.075724218998318
"173","UniRef90_D4MUM3|g__Anaerostipes.s__Anaerostipes_hadrus",340.3394045089,"GO_Pt25_Final",0.0730689274043268
"174","UniRef90_D4MUM3|g__Anaerostipes.s__Anaerostipes_hadrus",593.0232275629,"GO_Pt29_Baseline",0.124590662559775
"175","UniRef90_D4JWU0|g__Ruminococcaceae_unclassified.s__Eubacterium_siraeum",344.3731634577,"GO_Pt29_Baseline",0.0723507589733482
"176","UniRef90_Q8ZNL7|g__Klebsiella.s__Klebsiella_oxytoca",5.5248618785,"GO_Pt29_Baseline",0.00116074070963864
"177","UniRef90_Q8ZNL7|g__Escherichia.s__Escherichia_coli",1.8416206262,"GO_Pt29_Baseline",0.000386913569886549
"178","UniRef90_Q8ZNL7|g__Klebsiella.s__Klebsiella_pneumoniae",0.9208103131,"GO_Pt29_Baseline",0.000193456784943274
"179","UniRef90_D4MUM3|g__Anaerostipes.s__Anaerostipes_hadrus",680.692786767,"GO_Pt29_C1D1",0.18613745235787
"180","UniRef90_D4JWU0|g__Ruminococcaceae_unclassified.s__Eubacterium_siraeum",342.1330365521,"GO_Pt29_C1D1",0.0935572890286391
"181","UniRef90_D4JWU0|g__Ruminococcaceae_unclassified.s__Eubacterium_siraeum",112.9462457919,"GO_Pt29_C1D3",0.0454787349811434
"182","UniRef90_D4MUM3|g__Anaerostipes.s__Anaerostipes_hadrus",55.9910523009,"GO_Pt29_C1D3",0.0225452577998886
"183","UniRef90_D4MUM3|g__Anaerostipes.s__Anaerostipes_hadrus",142.7248415898,"GO_Pt29_C2D1",0.0456157629279923
"184","UniRef90_D4JWU0|g__Ruminococcaceae_unclassified.s__Eubacterium_siraeum",15.7303370787,"GO_Pt29_C2D1",0.00502751531525026
"185","UniRef90_D4JWU0|g__Ruminococcaceae_unclassified.s__Eubacterium_siraeum",57.6061090286,"GO_Pt29_C3D1",0.0277518797401129
"186","UniRef90_D4MUM3|g__Anaerostipes.s__Anaerostipes_hadrus",13.5501355014,"GO_Pt29_C3D1",0.00652780993610228
"187","UniRef90_D4MUM3|g__Anaerostipes.s__Anaerostipes_hadrus",912.680396322,"GO_Pt30_Baseline",0.243965360775125
"188","UniRef90_D4MUM3|g__Anaerostipes.s__Anaerostipes_hadrus",591.5845084476,"GO_Pt30_C1D1",0.169311580798806
"189","UniRef90_D4MUM3|g__Anaerostipes.s__Anaerostipes_hadrus",720.0519411984,"GO_Pt30_C1D3",0.269694225504537
"190","UniRef90_D4MUM3|g__Anaerostipes.s__Anaerostipes_hadrus",505.1673650885,"GO_Pt30_C3D1",0.219363468388611
"191","UniRef90_Q8ZNL7|g__Klebsiella.s__Klebsiella_oxytoca",20.2460385548,"GO_Pt30_C3D1",0.0087916234211456
"192","UniRef90_Q8ZNL7|g__Escherichia.s__Escherichia_coli",0.9208103131,"GO_Pt30_C3D1",0.000399851926250683
"193","UniRef90_D4MUM3|g__Anaerostipes.s__Anaerostipes_hadrus",51.4062501753,"GO_Pt31_Baseline",0.0296721486312688
"194","UniRef90_D4MUM3|g__Anaerostipes.s__Anaerostipes_hadrus",28.902893945,"GO_Pt31_C1D1",0.00785670614675358
"195","UniRef90_D4JWU0|g__Ruminococcaceae_unclassified.s__Eubacterium_siraeum",14.2322097378,"GO_Pt31_C1D1",0.0038687575694545
"196","UniRef90_D4JWU0|g__Ruminococcaceae_unclassified.s__Eubacterium_siraeum",1224.6281643115,"GO_Pt31_C1D3",0.253780893986963
"197","UniRef90_D4MUM3|g__Anaerostipes.s__Anaerostipes_hadrus",118.1830417014,"GO_Pt31_C1D3",0.0244911874895038
"198","UniRef90_D4JWU0|g__Ruminococcaceae_unclassified.s__Eubacterium_siraeum",1474.6621659463,"GO_Pt31_C1D7",0.426531326533553
"199","UniRef90_D4MUM3|g__Anaerostipes.s__Anaerostipes_hadrus",132.7727381288,"GO_Pt31_C1D7",0.0384031905268473
"200","UniRef90_D4JWU0|g__Ruminococcaceae_unclassified.s__Eubacterium_siraeum",1197.5049446206,"GO_Pt31_C2D1",0.314494501008489
"201","UniRef90_D4MUM3|g__Anaerostipes.s__Anaerostipes_hadrus",43.3571812466,"GO_Pt31_C2D1",0.0113866712137912
"202","UniRef90_D4JWU0|g__Ruminococcaceae_unclassified.s__Eubacterium_siraeum",2671.4160578869,"GO_Pt31_C3D1",0.72944133307324
"203","UniRef90_D4MUM3|g__Anaerostipes.s__Anaerostipes_hadrus",106.4505009591,"GO_Pt31_C3D1",0.0290667547260838
"204","UniRef90_D4JWU0|g__Ruminococcaceae_unclassified.s__Eubacterium_siraeum",1289.4042868472,"GO_Pt31_Final",0.498113483447613
"205","UniRef90_D4MUM3|g__Anaerostipes.s__Anaerostipes_hadrus",52.3971332188,"GO_Pt31_Final",0.0202416874338948
"206","UniRef90_D4JWU0|g__Ruminococcaceae_unclassified.s__Eubacterium_siraeum",364.4019297594,"GO_Pt32_Baseline",0.139404872400488
"207","UniRef90_D4MUM3|g__Anaerostipes.s__Anaerostipes_hadrus",83.0288351778,"GO_Pt32_Baseline",0.0317633448899807
"208","UniRef90_D4JWU0|g__Ruminococcaceae_unclassified.s__Eubacterium_siraeum",89.0024900188,"GO_Pt32_C1D1",0.0437867057582316
"209","UniRef90_D4MUM3|g__Anaerostipes.s__Anaerostipes_hadrus",39.705225741,"GO_Pt32_C1D1",0.0195338471566143
"210","UniRef90_D4MUM3|g__Anaerostipes.s__Anaerostipes_hadrus",353.0290244336,"GO_Pt32_C1D3",0.163816789451112
"211","UniRef90_D4JWU0|g__Ruminococcaceae_unclassified.s__Eubacterium_siraeum",14.9515748486,"GO_Pt32_C1D3",0.006938010246793
"212","UniRef90_D4MUM3|g__Anaerostipes.s__Anaerostipes_hadrus",1558.4175515764,"GO_Pt32_C1D7",0.777386656335858
"213","UniRef90_Q8ZNL7|g__Klebsiella.s__Klebsiella_oxytoca",21.1786372007,"GO_Pt32_C1D7",0.0105645562978602
"214","UniRef90_Q8ZNL7|g__Escherichia.s__Escherichia_coli",2.7624309392,"GO_Pt32_C1D7",0.00137798560405788
"215","UniRef90_Q8ZNL7|g__Escherichia.s__Escherichia_fergusonii",0.9208103131,"GO_Pt32_C1D7",0.000459328534702588
"216","UniRef90_D4MUM3|g__Anaerostipes.s__Anaerostipes_hadrus",103.6373467157,"GO_Pt32_C2D1",0.0466146365385222
"217","UniRef90_Q8ZNL7|g__Klebsiella.s__Klebsiella_oxytoca",43.2200871711,"GO_Pt33_Baseline",0.01347398485126
"218","UniRef90_Q8ZNL7|g__Escherichia.s__Escherichia_coli",15.6537753223,"GO_Pt33_Baseline",0.0048801088883211
"219","UniRef90_Q8ZNL7|g__Escherichia.s__Escherichia_fergusonii",0.8628127696,"GO_Pt33_Baseline",0.000268984329926056
"220","UniRef90_D4MUM3|unclassified",58.4685879986,"GO_Pt33_Baseline",0.0182277482654982
"221","UniRef90_D4MUM3|unclassified",147.5504601244,"GO_Pt33_C1D1",0.038350182994437
"222","UniRef90_Q8ZNL7|g__Klebsiella.s__Klebsiella_oxytoca",56.0580087565,"GO_Pt33_C1D1",0.0145701673332838
"223","UniRef90_Q8ZNL7|g__Escherichia.s__Escherichia_coli",28.4812074214,"GO_Pt33_C1D1",0.00740261681049536
"224","UniRef90_Q8ZNL7|g__Escherichia.s__Escherichia_fergusonii",6.0742893335,"GO_Pt33_C1D1",0.0015787826571634
"225","UniRef90_D4MUM3|unclassified",48.589467592,"GO_Pt33_C1D3",0.030174787779322
"226","UniRef90_Q8ZNL7|g__Klebsiella.s__Klebsiella_oxytoca",9.2081031308,"GO_Pt33_C1D3",0.0057183700828973
"227","UniRef90_Q8ZNL7|g__Escherichia.s__Escherichia_coli",2.7624309392,"GO_Pt33_C1D3",0.00171551102484435
"228","UniRef90_Q8ZNL7|g__Klebsiella.s__Klebsiella_oxytoca",24.861878453,"GO_Pt33_C1D7",0.0124448903306188
"229","UniRef90_Q8ZNL7|g__Escherichia.s__Escherichia_coli",18.4060874669,"GO_Pt33_C1D7",0.00921337220654406
"230","UniRef90_Q8ZNL7|g__Escherichia.s__Escherichia_fergusonii",6.203912838,"GO_Pt33_C1D7",0.00310543771000986
"231","UniRef90_D4MUM3|unclassified",41.3493165848,"GO_Pt33_C1D7",0.0206978612302635
"232","UniRef90_Q8ZNL7|g__Klebsiella.s__Klebsiella_oxytoca",28.4866590418,"GO_Pt33_C2D1",0.011371478759352
"233","UniRef90_Q8ZNL7|g__Escherichia.s__Escherichia_coli",10.0985750809,"GO_Pt33_C2D1",0.00403121095610655
"234","UniRef90_D4MUM3|unclassified",35.751558456,"GO_Pt33_C2D1",0.0142715257341897
"235","UniRef90_D4MUM3|g__Anaerostipes.s__Anaerostipes_hadrus",314.9387129163,"GO_Pt33_Final",0.13056887197239
"236","UniRef90_Q8ZNL7|g__Escherichia.s__Escherichia_coli",130.5953061757,"GO_Pt34_Baseline",0.0745614540727182
"237","UniRef90_Q8ZNL7|g__Klebsiella.s__Klebsiella_pneumoniae",112.258205991,"GO_Pt34_Baseline",0.0640921585575419
"238","UniRef90_Q8ZNL7|g__Klebsiella.s__Klebsiella_oxytoca",24.8484113918,"GO_Pt34_Baseline",0.014186832123025
"239","UniRef90_Q8ZNL7|g__Escherichia.s__Escherichia_fergusonii",4.6040515654,"GO_Pt34_Baseline",0.0026286149892719
"240","UniRef90_Q8ZNL7|g__Klebsiella.s__Klebsiella_pneumoniae",102.9905284578,"GO_Pt34_C1D1",0.0490023892196894
"241","UniRef90_Q8ZNL7|g__Escherichia.s__Escherichia_coli",98.498354029,"GO_Pt34_C1D1",0.0468650346192322
"242","UniRef90_Q8ZNL7|g__Klebsiella.s__Klebsiella_oxytoca",44.1955159072,"GO_Pt34_C1D1",0.0210280100964524
"243","UniRef90_Q8ZNL7|g__Escherichia.s__Escherichia_fergusonii",3.6832412523,"GO_Pt34_C1D1",0.0017524681554496
"244","UniRef90_Q8ZNL7|g__Klebsiella.s__Klebsiella_oxytoca",611.5446661664,"GO_Pt34_C1D3",0.258214881681234
"245","UniRef90_Q8ZNL7|g__Escherichia.s__Escherichia_coli",246.5491231708,"GO_Pt34_C1D3",0.104101394698188
"246","UniRef90_Q8ZNL7|g__Klebsiella.s__Klebsiella_pneumoniae",227.7778401623,"GO_Pt34_C1D3",0.0961755229030347
"247","UniRef90_Q8ZNL7|g__Escherichia.s__Escherichia_fergusonii",96.4153495948,"GO_Pt34_C1D3",0.0407098278592491
"248","UniRef90_Q8ZNL7|g__Citrobacter.s__Citrobacter_freundii",89.1961025143,"GO_Pt35_Baseline",0.036249668646594
"249","UniRef90_Q8ZNL7|g__Citrobacter.s__Citrobacter_youngae",58.4088620342,"GO_Pt35_Baseline",0.0237376055128073
"250","UniRef90_Q8ZNL7|g__Citrobacter.s__Citrobacter_braakii",31.2313501146,"GO_Pt35_Baseline",0.0126925511443565
"251","UniRef90_Q8ZNL7|g__Citrobacter.s__Citrobacter_freundii",70.7886481578,"GO_Pt35_C1D1",0.0365017994896207
"252","UniRef90_Q8ZNL7|g__Citrobacter.s__Citrobacter_youngae",69.4864048338,"GO_Pt35_C1D1",0.0358303044697782
"253","UniRef90_Q8ZNL7|g__Citrobacter.s__Citrobacter_braakii",44.1837584197,"GO_Pt35_C1D1",0.0227831260026121
"254","UniRef90_Q8ZNL7|g__Citrobacter.s__Citrobacter_freundii",261.1355105453,"GO_Pt35_C1D3",0.0994948168013152
"255","UniRef90_Q8ZNL7|g__Citrobacter.s__Citrobacter_youngae",107.5172360383,"GO_Pt35_C1D3",0.040964967500116
"256","UniRef90_Q8ZNL7|g__Citrobacter.s__Citrobacter_braakii",84.6977836744,"GO_Pt35_C1D3",0.0322705650126431
"257","UniRef90_Q8ZNL7|g__Citrobacter.s__Citrobacter_freundii",423.1094109727,"GO_Pt35_C1D7",0.142709455410654
"258","UniRef90_Q8ZNL7|g__Citrobacter.s__Citrobacter_youngae",353.0178227326,"GO_Pt35_C1D7",0.11906844878871
"259","UniRef90_Q8ZNL7|g__Citrobacter.s__Citrobacter_braakii",194.8005056524,"GO_Pt35_C1D7",0.0657037479063962
"260","UniRef90_Q8ZNL7|g__Citrobacter.s__Citrobacter_freundii",291.3011597,"GO_Pt35_C2D1",0.0708484969235383
"261","UniRef90_Q8ZNL7|g__Citrobacter.s__Citrobacter_braakii",109.5177672383,"GO_Pt35_C2D1",0.0266362454692812
"262","UniRef90_Q8ZNL7|g__Citrobacter.s__Citrobacter_youngae",0.9689922481,"GO_Pt35_C2D1",0.000235672403018055
"263","UniRef90_Q8ZNL7|g__Citrobacter.s__Citrobacter_freundii",241.0638017637,"GO_Pt35_C3D1",0.0586707253437697
"264","UniRef90_Q8ZNL7|g__Citrobacter.s__Citrobacter_braakii",66.2681520394,"GO_Pt35_C3D1",0.0161285125302802
"265","UniRef90_Q8ZNL7|g__Citrobacter.s__Citrobacter_youngae",7.0373209481,"GO_Pt35_C3D1",0.00171276119218703
"266","UniRef90_Q8ZNL7|g__Citrobacter.s__Citrobacter_freundii",88.2142561181,"GO_Pt35_Final",0.0842167997874555
"267","UniRef90_Q8ZNL7|g__Citrobacter.s__Citrobacter_braakii",31.3041715242,"GO_Pt35_Final",0.0298856132985606
"268","UniRef90_Q8ZNL7|g__Citrobacter.s__Citrobacter_youngae",4.0281973817,"GO_Pt35_Final",0.00384565837005766
"269","UniRef90_D4MUM3|g__Anaerostipes.s__Anaerostipes_hadrus",99.7902352754,"GO_Pt38_Baseline",0.0246266836628781
"270","UniRef90_D4MUM3|g__Anaerostipes.s__Anaerostipes_hadrus",175.9058638286,"GO_Pt38_C1D1",0.039607390803382
"271","UniRef90_Q8ZNL7|g__Escherichia.s__Escherichia_coli",19.3370165746,"GO_Pt38_C1D1",0.00435396953672862
"272","UniRef90_D4MUM3|g__Anaerostipes.s__Anaerostipes_hadrus",143.5253793618,"GO_Pt38_C1D3",0.0520275065382223
"273","UniRef90_D4MUM3|g__Anaerostipes.s__Anaerostipes_hadrus",372.6038165511,"GO_Pt38_C1D7",0.140388253180608
"274","UniRef90_D4MUM3|g__Anaerostipes.s__Anaerostipes_hadrus",50.5209146102,"GO_Pt38_C2D1",0.0154079246446053
"275","UniRef90_Q8ZNL7|g__Klebsiella.s__Klebsiella_oxytoca",6.4456721915,"GO_Pt38_C2D1",0.00196580826330505
"276","UniRef90_Q8ZNL7|g__Klebsiella.s__Klebsiella_pneumoniae",3.6832412523,"GO_Pt38_C2D1",0.00112331900760724
"277","UniRef90_Q8ZNL7|g__Escherichia.s__Escherichia_coli",2.7624309392,"GO_Pt38_C2D1",0.000842489255697808
"278","UniRef90_Q8ZNL7|g__Escherichia.s__Escherichia_fergusonii",0.9208103131,"GO_Pt38_C2D1",0.000280829751909435
"279","UniRef90_D4MUM3|g__Anaerostipes.s__Anaerostipes_hadrus",160.5495721639,"GO_Pt38_C3D1",0.0327213760762232
"280","UniRef90_D4MUM3|g__Anaerostipes.s__Anaerostipes_hadrus",47.8674581205,"GO_Pt38_Final",0.0431298990905264
"281","UniRef90_Q8ZNL7|g__Klebsiella.s__Klebsiella_oxytoca",910.0003974739,"GO_Pt39_Baseline",0.311923987195641
"282","UniRef90_Q8ZNL7|g__Klebsiella.s__Klebsiella_pneumoniae",198.5668344597,"GO_Pt39_Baseline",0.0680634414022471
"283","UniRef90_Q8ZNL7|g__Escherichia.s__Escherichia_coli",126.012308677,"GO_Pt39_Baseline",0.0431936753735155
"284","UniRef90_Q8ZNL7|g__Escherichia.s__Escherichia_fergusonii",34.8101776148,"GO_Pt39_Baseline",0.0119320051142157
"285","UniRef90_Q8ZNL7|g__Citrobacter.s__Citrobacter_freundii",16.5745856354,"GO_Pt39_Baseline",0.00568132810915376
"286","UniRef90_Q8ZNL7|g__Citrobacter.s__Citrobacter_youngae",8.0563947633,"GO_Pt39_Baseline",0.00276151832896611
"287","UniRef90_Q8ZNL7|g__Citrobacter.s__Citrobacter_braakii",1.8416206262,"GO_Pt39_Baseline",0.000631258678810096
"288","UniRef90_D4MUM3|g__Anaerostipes.s__Anaerostipes_hadrus",57.5531488556,"GO_Pt4_Baseline",0.041655823947495
"289","UniRef90_D4MUM3|g__Anaerostipes.s__Anaerostipes_hadrus",190.6037045503,"GO_Pt4_C1D1",0.109359123200826
"290","UniRef90_D4MUM3|g__Anaerostipes.s__Anaerostipes_hadrus",912.3630702,"GO_Pt4_C1D3",0.906637868339897
"291","UniRef90_D4MUM3|g__Anaerostipes.s__Anaerostipes_hadrus",686.3757976993,"GO_Pt4_C1D7",0.335657986378713
"292","UniRef90_D4MUM3|g__Anaerostipes.s__Anaerostipes_hadrus",66.3309779539,"GO_Pt4_C2D1",0.0480050249579923
"293","UniRef90_D4MUM3|g__Anaerostipes.s__Anaerostipes_hadrus",68.1947218175,"GO_Pt4_C3D1",0.0611850295449833
"294","UniRef90_D4JWU0|g__Ruminococcaceae_unclassified.s__Eubacterium_siraeum",198.4067474036,"GO_Pt40_Baseline",0.087819741129229
"295","UniRef90_D4MUM3|g__Anaerostipes.s__Anaerostipes_hadrus",165.7231267195,"GO_Pt40_Baseline",0.0733531610093257
"296","UniRef90_D4MUM3|g__Anaerostipes.s__Anaerostipes_hadrus",589.4914333601,"GO_Pt40_C1D3",0.291254232743737
"297","UniRef90_D4JWU0|g__Ruminococcaceae_unclassified.s__Eubacterium_siraeum",59.925093633,"GO_Pt40_C1D3",0.0296076179914803
"298","UniRef90_D4JWU0|g__Ruminococcaceae_unclassified.s__Eubacterium_siraeum",895.926219183,"GO_Pt40_C1D7",0.33646753878152
"299","UniRef90_D4MUM3|g__Anaerostipes.s__Anaerostipes_hadrus",57.8139114724,"GO_Pt40_C1D7",0.0217121723686019
"300","UniRef90_D4JWU0|g__Ruminococcaceae_unclassified.s__Eubacterium_siraeum",413.625401739,"GO_Pt40_C2D1",0.128794640161808
"301","UniRef90_D4MUM3|g__Anaerostipes.s__Anaerostipes_hadrus",60.4442862593,"GO_Pt40_C2D1",0.0188211363854201
"302","UniRef90_D4MUM3|g__Anaerostipes.s__Anaerostipes_hadrus",67.6803664775,"GO_Pt42_Baseline",0.100411382719759
"303","UniRef90_D4MUM3|g__Anaerostipes.s__Anaerostipes_hadrus",278.0025400689,"GO_Pt42_C1D1",0.155700617456337
"304","UniRef90_D4MUM3|g__Anaerostipes.s__Anaerostipes_hadrus",170.4970157418,"GO_Pt42_C1D3",0.0849538122377024
"305","UniRef90_D4MUM3|g__Anaerostipes.s__Anaerostipes_hadrus",163.2819223399,"GO_Pt42_C1D7",0.109009923013697
"306","UniRef90_D4MUM3|g__Anaerostipes.s__Anaerostipes_hadrus",521.8181935931,"GO_Pt42_C2D1",0.178115695595821
"307","UniRef90_D4MUM3|g__Anaerostipes.s__Anaerostipes_hadrus",62.3273709485,"GO_Pt42_C3D1",0.122079528222699
"308","UniRef90_D4MUM3|g__Anaerostipes.s__Anaerostipes_hadrus",213.7548770625,"GO_Pt42_Final",0.094110058087873
"309","UniRef90_D4MUM3|g__Anaerostipes.s__Anaerostipes_hadrus",78.5907859079,"GO_Pt43_Baseline",0.041000602712625
"310","UniRef90_D4MUM3|g__Anaerostipes.s__Anaerostipes_hadrus",210.4873615674,"GO_Pt43_C1D1",0.061256658202831
"311","UniRef90_D4MUM3|g__Anaerostipes.s__Anaerostipes_hadrus",389.9700048562,"GO_Pt43_C1D3",0.181403482333183
"312","UniRef90_D4MUM3|g__Anaerostipes.s__Anaerostipes_hadrus",191.1693732829,"GO_Pt43_C1D7",0.0764572124780256
"313","UniRef90_D4MUM3|g__Anaerostipes.s__Anaerostipes_hadrus",152.657545833,"GO_Pt43_C2D1",0.0836245885971783
"314","UniRef90_D4MUM3|g__Anaerostipes.s__Anaerostipes_hadrus",176.0684082544,"GO_Pt43_C3D1",0.0506545507375262
"315","UniRef90_D4MUM3|g__Anaerostipes.s__Anaerostipes_hadrus",126.9986845872,"GO_Pt43_Final",0.060939282376716
"316","UniRef90_Q8ZNL7|g__Klebsiella.s__Klebsiella_oxytoca",26.7034990792,"GO_Pt43_Final",0.0128134561088025
"317","UniRef90_Q8ZNL7|g__Escherichia.s__Escherichia_fergusonii",3.6832412523,"GO_Pt43_Final",0.0017673732563849
"318","UniRef90_Q8ZNL7|g__Escherichia.s__Escherichia_coli",0.9208103131,"GO_Pt43_Final",0.000441843314108222
"319","UniRef90_D4JWU0|g__Ruminococcaceae_unclassified.s__Eubacterium_siraeum",64.412766797,"GO_Pt44_Baseline",0.0247260772112685
"320","UniRef90_Q8ZNL7|g__Klebsiella.s__Klebsiella_oxytoca",22.0994475138,"GO_Pt44_Baseline",0.00848329722079325
"321","UniRef90_Q8ZNL7|g__Escherichia.s__Escherichia_coli",7.3664825046,"GO_Pt44_Baseline",0.00282776574026442
"322","UniRef90_D4MUM3|g__Anaerostipes.s__Anaerostipes_hadrus",35.2093818557,"GO_Pt44_C1D1",0.0749958298192418
"323","UniRef90_D4JWU0|g__Ruminococcaceae_unclassified.s__Eubacterium_siraeum",11.0894378669,"GO_Pt44_C1D1",0.0236204543000931
"324","UniRef90_D4MUM3|g__Anaerostipes.s__Anaerostipes_hadrus",8.1300813008,"GO_Pt44_C1D3",0.0173246368964027
"325","UniRef90_Q8ZNL7|g__Escherichia.s__Escherichia_coli",22.0994475138,"GO_Pt44_C1D7",0.0103853554199466
"326","UniRef90_Q8ZNL7|g__Klebsiella.s__Klebsiella_oxytoca",8.2839136973,"GO_Pt44_C1D7",0.00389292030766389
"327","UniRef90_Q8ZNL7|g__Escherichia.s__Escherichia_fergusonii",0.9208103131,"GO_Pt44_C1D7",0.000432723142509523
"328","UniRef90_D4JWU0|g__Ruminococcaceae_unclassified.s__Eubacterium_siraeum",13.4610334867,"GO_Pt44_C1D7",0.00632584217283648
"329","UniRef90_D4MUM3|g__Anaerostipes.s__Anaerostipes_hadrus",12.6467931346,"GO_Pt44_C1D7",0.00594320023355087
"330","UniRef90_D4MUM3|g__Anaerostipes.s__Anaerostipes_hadrus",36.1336946703,"GO_Pt44_C2D1",0.0169264844001642
"331","UniRef90_Q8ZNL7|g__Klebsiella.s__Klebsiella_oxytoca",19.3370165746,"GO_Pt44_C2D1",0.00905824085752052
"332","UniRef90_Q8ZNL7|g__Escherichia.s__Escherichia_coli",11.0497237569,"GO_Pt44_C2D1",0.00517613763286218
"333","UniRef90_Q8ZNL7|g__Citrobacter.s__Citrobacter_braakii",2.7624309392,"GO_Pt44_C2D1",0.00129403440820383
"334","UniRef90_Q8ZNL7|g__Citrobacter.s__Citrobacter_freundii",0.9208103131,"GO_Pt44_C2D1",0.000431344802750226
"335","UniRef90_Q8ZNL7|g__Escherichia.s__Escherichia_fergusonii",0.9208103131,"GO_Pt44_C2D1",0.000431344802750226
"336","UniRef90_D4MUM3|g__Anaerostipes.s__Anaerostipes_hadrus",83.9818469174,"GO_Pt45_Baseline",0.0364105919541087
"337","UniRef90_D4MUM3|g__Anaerostipes.s__Anaerostipes_hadrus",65.9407404155,"GO_Pt45_C1D1",0.0196442222854997
"338","UniRef90_D4MUM3|g__Anaerostipes.s__Anaerostipes_hadrus",40.6504065041,"GO_Pt45_C1D3",0.026940809328652
"339","UniRef90_D4MUM3|g__Anaerostipes.s__Anaerostipes_hadrus",54.9858779107,"GO_Pt45_C1D7",0.0219850990884093
"340","UniRef90_D4MUM3|g__Anaerostipes.s__Anaerostipes_hadrus",89.0005761558,"GO_Pt45_C2D1",0.0381228219893759
"341","UniRef90_D4MUM3|g__Anaerostipes.s__Anaerostipes_hadrus",75.5371686721,"GO_Pt45_C3D1",0.034347767434942
"342","UniRef90_D4MUM3|g__Anaerostipes.s__Anaerostipes_hadrus",32.516263412,"GO_Pt45_Final",0.0352700614953859
"343","UniRef90_Q8ZNL7|g__Escherichia.s__Escherichia_coli",57.0902394107,"GO_Pt47_Baseline",0.0223418005309846
"344","UniRef90_Q8ZNL7|g__Klebsiella.s__Klebsiella_pneumoniae",48.7517014973,"GO_Pt47_Baseline",0.0190785815866563
"345","UniRef90_Q8ZNL7|g__Klebsiella.s__Klebsiella_oxytoca",3.6489557619,"GO_Pt47_Baseline",0.00142798913825324
"346","UniRef90_Q8ZNL7|g__Klebsiella.s__Klebsiella_pneumoniae",138.1047453726,"GO_Pt47_C1D1",0.059207447972024
"347","UniRef90_Q8ZNL7|g__Escherichia.s__Escherichia_coli",117.7723920384,"GO_Pt47_C1D1",0.0504906819482672
"348","UniRef90_Q8ZNL7|g__Klebsiella.s__Klebsiella_oxytoca",8.2872928177,"GO_Pt47_C1D1",0.00355287906298294
"349","UniRef90_Q8ZNL7|g__Escherichia.s__Escherichia_fergusonii",0.9208103131,"GO_Pt47_C1D1",0.000394764340340965
"350","UniRef90_Q8ZNL7|g__Escherichia.s__Escherichia_coli",40.4766473053,"GO_Pt47_C1D3",0.0156408652368377
"351","UniRef90_Q8ZNL7|g__Klebsiella.s__Klebsiella_pneumoniae",34.9517854268,"GO_Pt47_C1D3",0.0135059646003799
"352","UniRef90_Q8ZNL7|g__Klebsiella.s__Klebsiella_pneumoniae",8.2872928177,"GO_Pt47_C1D7",0.00265525470004811
"353","UniRef90_Q8ZNL7|g__Escherichia.s__Escherichia_coli",4.6040515654,"GO_Pt47_C1D7",0.00147514150003029
"354","UniRef90_Q8ZNL7|g__Klebsiella.s__Klebsiella_oxytoca",0.9208103131,"GO_Pt47_C1D7",0.000295028300012466
"355","UniRef90_Q8ZNL7|g__Klebsiella.s__Klebsiella_pneumoniae",4.6040515654,"GO_Pt47_C2D1",0.00208135070211579
"356","UniRef90_Q8ZNL7|g__Escherichia.s__Escherichia_coli",2.7624309392,"GO_Pt47_C2D1",0.00124881042125139
"357","UniRef90_Q8ZNL7|g__Klebsiella.s__Klebsiella_oxytoca",1.8416206262,"GO_Pt47_C2D1",0.000832540280864397
"358","UniRef90_D4MUM3|g__Anaerostipes.s__Anaerostipes_hadrus",467.5886769283,"GO_Pt50_Baseline",0.103193995990163
"359","UniRef90_D4MUM3|g__Anaerostipes.s__Anaerostipes_hadrus",424.7267516399,"GO_Pt50_C1D1",0.1276669958532
"360","UniRef90_D4JWU0|unclassified",25.8065796933,"GO_Pt50_C1D1",0.00775710145397939
"361","UniRef90_Q8ZNL7|g__Klebsiella.s__Klebsiella_oxytoca",7.3664825046,"GO_Pt50_C1D1",0.00221426290605965
"362","UniRef90_Q8ZNL7|g__Escherichia.s__Escherichia_coli",0.9208103131,"GO_Pt50_C1D1",0.000276782863264971
"363","UniRef90_D4MUM3|g__Anaerostipes.s__Anaerostipes_hadrus",626.4281993174,"GO_Pt50_C1D3",0.198735989920765
"364","UniRef90_D4JWU0|unclassified",38.3604034224,"GO_Pt50_C1D3",0.012169938639764
"365","UniRef90_D4MUM3|g__Anaerostipes.s__Anaerostipes_hadrus",204.795374193,"GO_Pt50_C1D7",0.18208702340615
"366","UniRef90_D4JWU0|unclassified",9.4156872073,"GO_Pt50_C1D7",0.00837164639902898
"367","UniRef90_D4MUM3|g__Anaerostipes.s__Anaerostipes_hadrus",862.5849015589,"GO_Pt50_C2D1",0.311478483345651
"368","UniRef90_D4JWU0|g__Ruminococcaceae_unclassified.s__Eubacterium_siraeum",95.7730275658,"GO_Pt50_C2D1",0.0345835375946233
"369","UniRef90_D4JWU0|unclassified",39.7560200269,"GO_Pt50_C2D1",0.01435585621712
"370","UniRef90_Q8ZNL7|g__Klebsiella.s__Klebsiella_oxytoca",26.6900320179,"GO_Pt50_C2D1",0.00963774195254066
"371","UniRef90_Q8ZNL7|g__Escherichia.s__Escherichia_fergusonii",0.9208103131,"GO_Pt50_C2D1",0.000332503617041155
"372","UniRef90_D4MUM3|g__Anaerostipes.s__Anaerostipes_hadrus",503.4584404989,"GO_Pt50_C3D1",0.180933044307771
"373","UniRef90_D4JWU0|g__Ruminococcaceae_unclassified.s__Eubacterium_siraeum",35.1779093725,"GO_Pt50_C3D1",0.0126422475484611
"374","UniRef90_D4MUM3|g__Anaerostipes.s__Anaerostipes_hadrus",352.2832868059,"GO_Pt50_Final",0.147847508301668
"375","UniRef90_D4JWU0|g__Ruminococcaceae_unclassified.s__Eubacterium_siraeum",21.703177374,"GO_Pt50_Final",0.00910846701263743
"376","UniRef90_D4JWU0|unclassified",9.0631621782,"GO_Pt50_Final",0.00380366028014004
"377","UniRef90_D4MUM3|g__Anaerostipes.s__Anaerostipes_hadrus",1260.5216616887,"GO_Pt51_Baseline",0.270420127483528
"378","UniRef90_D4MUM3|g__Anaerostipes.s__Anaerostipes_hadrus",224.5506757895,"GO_Pt51_C1D1",0.148318206587016
"379","UniRef90_D4MUM3|g__Anaerostipes.s__Anaerostipes_hadrus",983.8557266117,"GO_Pt51_C1D3",0.255417104661159
"380","UniRef90_D4MUM3|g__Anaerostipes.s__Anaerostipes_hadrus",567.4465942263,"GO_Pt51_C1D7",0.301504032641047
"381","UniRef90_D4JWU0|g__Ruminococcaceae_unclassified.s__Eubacterium_siraeum",6.671160185,"GO_Pt51_C1D7",0.00354461850443276
"382","UniRef90_D4MUM3|g__Anaerostipes.s__Anaerostipes_hadrus",338.765998029,"GO_Pt51_C2D1",0.39807380547196
"383","UniRef90_D4MUM3|g__Anaerostipes.s__Anaerostipes_hadrus",302.7338618797,"GO_Pt51_C3D1",0.164853254928538
"384","UniRef90_D4MUM3|g__Anaerostipes.s__Anaerostipes_hadrus",745.3041091526,"GO_Pt51_Final",0.316999749324182
"385","UniRef90_Q8ZNL7|unclassified",19.4142718668,"GO_Pt51_Final",0.00825746059831132
"386","UniRef90_Q8ZNL7|g__Klebsiella.s__Klebsiella_oxytoca",29.4388224471,"GO_Pt52_Baseline",0.00972289463963411
"387","UniRef90_Q8ZNL7|g__Klebsiella.s__Klebsiella_pneumoniae",8.2796688132,"GO_Pt52_Baseline",0.00273456411738161
"388","UniRef90_Q8ZNL7|g__Escherichia.s__Escherichia_coli",6.4397424103,"GO_Pt52_Baseline",0.00212688320241893
"389","UniRef90_Q8ZNL7|g__Escherichia.s__Escherichia_fergusonii",0.9199632015,"GO_Pt52_Baseline",0.000303840457497855
"390","UniRef90_Q8ZNL7|g__Klebsiella.s__Klebsiella_oxytoca",15.5673128175,"GO_Pt52_C1D1",0.00582167390370772
"391","UniRef90_Q8ZNL7|g__Klebsiella.s__Klebsiella_pneumoniae",6.4363632985,"GO_Pt52_C1D1",0.00240699269610213
"392","UniRef90_Q8ZNL7|g__Escherichia.s__Escherichia_coli",2.7506732153,"GO_Pt52_C1D1",0.0010286632421967
"393","UniRef90_Q8ZNL7|g__Klebsiella.s__Klebsiella_oxytoca",39.3408272422,"GO_Pt52_C1D3",0.0113254260701227
"394","UniRef90_Q8ZNL7|g__Klebsiella.s__Klebsiella_pneumoniae",18.1317915023,"GO_Pt52_C1D3",0.0052197749405204
"395","UniRef90_Q8ZNL7|g__Escherichia.s__Escherichia_coli",15.5917885686,"GO_Pt52_C1D3",0.00448855962401437
"396","UniRef90_Q8ZNL7|g__Escherichia.s__Escherichia_fergusonii",1.8399264029,"GO_Pt52_C1D3",0.000529677485484046
"397","UniRef90_D4MUM3|g__Anaerostipes.s__Anaerostipes_hadrus",144.8710261239,"GO_Pt52_C1D7",0.0380295442746076
"398","UniRef90_Q8ZNL7|g__Escherichia.s__Escherichia_coli",7.3597056118,"GO_Pt52_C1D7",0.00193196844048481
"399","UniRef90_Q8ZNL7|g__Klebsiella.s__Klebsiella_oxytoca",1.8399264029,"GO_Pt52_C1D7",0.000482992110108078
"400","UniRef90_Q8ZNL7|g__Escherichia.s__Escherichia_fergusonii",0.9199632015,"GO_Pt52_C1D7",0.000241496055067164
"401","UniRef90_D4MUM3|g__Anaerostipes.s__Anaerostipes_hadrus",292.6310528153,"GO_Pt52_C2D1",0.138824334253375
"402","UniRef90_Q8ZNL7|g__Escherichia.s__Escherichia_coli",44.9302129349,"GO_Pt52_C2D1",0.0213149180120905
"403","UniRef90_Q8ZNL7|g__Klebsiella.s__Klebsiella_oxytoca",44.1363667229,"GO_Pt52_C2D1",0.0209383169274817
"404","UniRef90_Q8ZNL7|g__Klebsiella.s__Klebsiella_pneumoniae",43.0041971403,"GO_Pt52_C2D1",0.0204012150476427
"405","UniRef90_D4MUM3|g__Anaerostipes.s__Anaerostipes_hadrus",1251.5863323518,"GO_Pt52_C3D1",0.411837551737396
"406","UniRef90_Q8ZNL7|g__Escherichia.s__Escherichia_coli",15.5693720015,"GO_Pt52_C3D1",0.0051231400355243
"407","UniRef90_Q8ZNL7|g__Klebsiella.s__Klebsiella_oxytoca",2.7598896044,"GO_Pt52_C3D1",0.000908148441990257
"408","UniRef90_D4MUM3|g__Anaerostipes.s__Anaerostipes_hadrus",605.3486759443,"GO_Pt52_Final",0.261522027920007
"409","UniRef90_Q8ZNL7|g__Escherichia.s__Escherichia_coli",29.4075469884,"GO_Pt52_Final",0.012704614101224
"410","UniRef90_Q8ZNL7|g__Klebsiella.s__Klebsiella_oxytoca",7.3597056118,"GO_Pt52_Final",0.00317953142210108
"411","UniRef90_D4MUM3|g__Anaerostipes.s__Anaerostipes_hadrus",256.7633623788,"GO_Pt54_Baseline",0.324700242069167
"412","UniRef90_Q8ZNL7|g__Klebsiella.s__Klebsiella_oxytoca",672.3717165937,"GO_Pt54_C1D1",0.231296862338599
"413","UniRef90_Q8ZNL7|g__Escherichia.s__Escherichia_coli",118.6760621279,"GO_Pt54_C1D1",0.0408247404336775
"414","UniRef90_Q8ZNL7|g__Escherichia.s__Escherichia_fergusonii",92.6660188864,"GO_Pt54_C1D1",0.0318772471906123
"415","UniRef90_D4MUM3|g__Anaerostipes.s__Anaerostipes_hadrus",616.705702533,"GO_Pt54_C1D1",0.212147671387552
"416","UniRef90_D4MUM3|g__Anaerostipes.s__Anaerostipes_hadrus",550.8548898186,"GO_Pt54_C1D3",0.346742500375171
"417","UniRef90_Q8ZNL7|g__Klebsiella.s__Klebsiella_oxytoca",11.0395584177,"GO_Pt54_C1D3",0.00694898812653113
"418","UniRef90_Q8ZNL7|g__Escherichia.s__Escherichia_fergusonii",2.7598896044,"GO_Pt54_C1D3",0.00173724703161705
"419","UniRef90_Q8ZNL7|g__Escherichia.s__Escherichia_coli",0.9199632015,"GO_Pt54_C1D3",0.000579082343893331
"420","UniRef90_D4MUM3|g__Anaerostipes.s__Anaerostipes_hadrus",1080.7453737564,"GO_Pt54_C1D7",0.94849638876109
"421","UniRef90_Q8ZNL7|g__Klebsiella.s__Klebsiella_oxytoca",12.8794848206,"GO_Pt54_C1D7",0.0113034440286171
"422","UniRef90_Q8ZNL7|g__Escherichia.s__Escherichia_coli",1.8399264029,"GO_Pt54_C1D7",0.00161477771833626
"423","UniRef90_D4MUM3|g__Anaerostipes.s__Anaerostipes_hadrus",743.4101058483,"GO_Pt54_C2D1",0.193276145618337
"424","UniRef90_Q8ZNL7|g__Klebsiella.s__Klebsiella_oxytoca",11.8348610824,"GO_Pt54_C2D1",0.00307689701275261
"425","UniRef90_Q8ZNL7|g__Escherichia.s__Escherichia_coli",2.7181609628,"GO_Pt54_C2D1",0.00070668352491756
"426","UniRef90_Q8ZNL7|g__Escherichia.s__Escherichia_fergusonii",1.8399264029,"GO_Pt54_C2D1",0.000478354922237888
"427","UniRef90_D4MUM3|g__Anaerostipes.s__Anaerostipes_hadrus",258.0476257053,"GO_Pt54_C3D1",0.199259472632937
"428","UniRef90_Q8ZNL7|g__Klebsiella.s__Klebsiella_oxytoca",65.6789158795,"GO_Pt54_C3D1",0.05071601068013
"429","UniRef90_Q8ZNL7|g__Escherichia.s__Escherichia_fergusonii",9.1298167372,"GO_Pt54_C3D1",0.00704987098144211
"430","UniRef90_Q8ZNL7|g__Escherichia.s__Escherichia_coli",6.4397424103,"GO_Pt54_C3D1",0.00497264670837845
"431","UniRef90_D4MUM3|g__Anaerostipes.s__Anaerostipes_hadrus",432.6172668978,"GO_Pt54_Final",0.148189862851395
"432","UniRef90_D4JWU0|g__Ruminococcaceae_unclassified.s__Eubacterium_siraeum",1871.9596343519,"GO_Pt6_C1D1",0.856914641886253
"433","UniRef90_D4MUM3|g__Anaerostipes.s__Anaerostipes_hadrus",272.5401115184,"GO_Pt6_C1D1",0.124758893181094
"434","UniRef90_D4JWU0|g__Ruminococcaceae_unclassified.s__Eubacterium_siraeum",338.2959896096,"GO_Pt6_C1D3",0.215606443491669
"435","UniRef90_D4MUM3|g__Anaerostipes.s__Anaerostipes_hadrus",127.5802037849,"GO_Pt6_C1D3",0.0813107894945737
"436","UniRef90_D4JWU0|g__Ruminococcaceae_unclassified.s__Eubacterium_siraeum",727.5047933073,"GO_Pt6_C1D7",0.360725271545444
"437","UniRef90_D4MUM3|g__Anaerostipes.s__Anaerostipes_hadrus",453.6009428831,"GO_Pt6_C1D7",0.224913051845227
"438","UniRef90_D4JWU0|g__Ruminococcaceae_unclassified.s__Eubacterium_siraeum",937.8926697404,"GO_Pt6_C2D1",0.45978060993982
"439","UniRef90_D4MUM3|g__Anaerostipes.s__Anaerostipes_hadrus",10.6934860275,"GO_Pt6_C2D1",0.00524223899677964
"440","UniRef90_D4MUM3|g__Anaerostipes.s__Anaerostipes_hadrus",518.6038785367,"GO_Pt6_C3D1",0.388475985578621
"441","UniRef90_D4JWU0|g__Ruminococcaceae_unclassified.s__Eubacterium_siraeum",160.2643618291,"GO_Pt6_C3D1",0.12005088756829
"442","UniRef90_Q8ZNL7|g__Escherichia.s__Escherichia_coli",20.9798462625,"GO_Pt6_C3D1",0.0157155910154572
"443","UniRef90_Q8ZNL7|g__Klebsiella.s__Klebsiella_oxytoca",5.4995417049,"GO_Pt6_C3D1",0.00411959873896425
"444","UniRef90_Q8ZNL7|g__Escherichia.s__Escherichia_coli",80.3045187475,"GO_Pt7_C1D7",0.0445951199134447
"445","UniRef90_Q8ZNL7|g__Klebsiella.s__Klebsiella_oxytoca",1.8331805683,"GO_Pt7_C1D7",0.00101801129676629
"446","UniRef90_Q8ZNL7|g__Escherichia.s__Escherichia_coli",41.1373553272,"GO_Pt7_C2D1",0.0379677732800463
"447","UniRef90_D4MUM3|g__Anaerostipes.s__Anaerostipes_hadrus",333.1060038878,"GO_Pt9b_Baseline",0.0882066985611642
"448","UniRef90_Q8ZNL7|g__Klebsiella.s__Klebsiella_oxytoca",44.1988950276,"GO_Pt9b_Baseline",0.0117038977530685
"449","UniRef90_Q8ZNL7|g__Escherichia.s__Escherichia_coli",5.5248618785,"GO_Pt9b_Baseline",0.0014629872191468
"450","UniRef90_Q8ZNL7|g__Escherichia.s__Escherichia_fergusonii",4.6040515654,"GO_Pt9b_Baseline",0.00121915601595126
"451","UniRef90_D4MUM3|g__Anaerostipes.s__Anaerostipes_hadrus",196.7037691718,"GO_Pt9b_C1D1",0.0974830704173633
"452","UniRef90_D4MUM3|g__Anaerostipes.s__Anaerostipes_hadrus",272.1629579688,"GO_Pt9b_C1D3",0.0721147534480352
"453","UniRef90_Q8ZNL7|g__Klebsiella.s__Klebsiella_oxytoca",23.94106814,"GO_Pt9b_C1D3",0.00634364146790554
"454","UniRef90_Q8ZNL7|g__Escherichia.s__Escherichia_coli",8.2569544547,"GO_Pt9b_C1D3",0.00218783716629288
"455","UniRef90_D4JWU0|unclassified",15.3465685772,"GO_Pt9b_C1D3",0.00406636530363185
"456","UniRef90_D4MUM3|g__Anaerostipes.s__Anaerostipes_hadrus",301.4330375056,"GO_Pt9b_C2D1",0.0879463491497272
"457","UniRef90_D4MUM3|g__Anaerostipes.s__Anaerostipes_hadrus",188.611895592,"GO_Pt9b_C3D1",0.082240985863261
"458","UniRef90_D4JWU0|g__Ruminococcaceae_unclassified.s__Eubacterium_siraeum",15.7264298911,"GO_Pt9b_C3D1",0.00685724033626847
