"","Cap1F-Cecum","Cap1F-D1","Cap1F-D13","Cap1F-D14","Cap1F-D3","Cap1F-D5","Cap1F-D7","Cap1F-D9","Cap1F-DistalColon","Cap1F-Duodenum","Cap1F-Esophagus","Cap1F-Ileum","Cap1F-ProxiColon","Cap1F-Stomach","Cap2M-Arrival","Cap2M-Baseline","Cap2M-Cecum","Cap2M-D1","Cap2M-D11","Cap2M-D13","Cap2M-D14","Cap2M-D3","Cap2M-D5","Cap2M-D7","Cap2M-D9","Cap2M-DistalColon","Cap2M-Duodenum","Cap2M-Esophagus","Cap2M-Ileum","Cap2M-Jejunum","Cap2M-ProxiColon","Cap2M-Stomach","Cap3M-Arrival","Cap3M-Baseline","Cap3M-Cecum","Cap3M-D1","Cap3M-D11","Cap3M-D13","Cap3M-D14","Cap3M-D3","Cap3M-D5","Cap3M-D7","Cap3M-D9","Cap3M-DistalColon","Cap3M-Duodenum","Cap3M-Esophagus","Cap3M-Ileum","Cap3M-Jejunum","Cap3M-ProxiColon","Cap3M-Stomach","Cap4F-Arrival","Cap4F-Baseline","Cap4F-Cecum","Cap4F-D1","Cap4F-D11","Cap4F-D13","Cap4F-D14","Cap4F-D3","Cap4F-D5","Cap4F-D7","Cap4F-D9","Cap4F-DistalColon","Cap4F-Duodenum","Cap4F-Esophagus","Cap4F-Ileum","Cap4F-Jejunum","Cap4F-ProxiColon","Cap4F-Stomach","Cap5F-Arrival","Cap5F-Baseline","Cap5F-Cecum","Cap5F-D1","Cap5F-D11","Cap5F-D13","Cap5F-D14","Cap5F-D3","Cap5F-D5","Cap5F-D7","Cap5F-D9","Cap5F-DistalColon","Cap5F-Duodenum","Cap5F-Esophagus","Cap5F-Ileum","Cap5F-Jejunum","Cap5F-ProxiColon","Cap5F-Stomach","Cap6M-Arrival","Cap6M-Baseline","Cap6M-Cecum","Cap6M-D1","Cap6M-D11","Cap6M-D13","Cap6M-D14","Cap6M-D3","Cap6M-D5","Cap6M-D7","Cap6M-D9","Cap6M-DistalColon","Cap6M-Duodenum","Cap6M-Esophagus","Cap6M-Ileum","Cap6M-Jejunum","Cap6M-ProxiColon","Cap6M-Stomach","Mtx2F-Arrival","Mtx2F-Baseline","Veh1F-Arrival","Veh1F-Baseline","Veh1F-Cecum","Veh1F-D1","Veh1F-D11","Veh1F-D13","Veh1F-D14","Veh1F-D3","Veh1F-D5","Veh1F-D7","Veh1F-D9","Veh1F-DistalColon","Veh1F-Duodenum","Veh1F-Esophagus","Veh1F-Ileum","Veh1F-Jejunum","Veh1F-ProxiColon","Veh1F-Stomach","Veh3F-Arrival","Veh3F-Baseline","Veh3F-Cecum","Veh3F-D1","Veh3F-D11","Veh3F-D13","Veh3F-D14","Veh3F-D3","Veh3F-D5","Veh3F-D7","Veh3F-D9","Veh3F-DistalColon","Veh3F-Duodenum","Veh3F-Esophagus","Veh3F-Ileum","Veh3F-Jejunum","Veh3F-ProxiColon","Veh3F-Stomach","Veh4F-Arrival","Veh4F-Baseline","Veh4F-Cecum","Veh4F-D1","Veh4F-D11","Veh4F-D13","Veh4F-D14","Veh4F-D3","Veh4F-D5","Veh4F-D7","Veh4F-D9","Veh4F-DistalColon","Veh4F-Duodenum","Veh4F-Esophagus","Veh4F-Ileum","Veh4F-Jejunum","Veh4F-ProxiColon","Veh4F-Stomach","Veh5M-Arrival","Veh5M-Baseline","Veh5M-Cecum","Veh5M-D1","Veh5M-D11","Veh5M-D13","Veh5M-D14","Veh5M-D3","Veh5M-D5","Veh5M-D7","Veh5M-D9","Veh5M-DistalColon","Veh5M-Duodenum","Veh5M-Esophagus","Veh5M-Ileum","Veh5M-Jejunum","Veh5M-ProxiColon","Veh5M-Stomach","Veh6M-Arrival","Veh6M-Baseline","Veh6M-Cecum","Veh6M-D1","Veh6M-D11","Veh6M-D13","Veh6M-D14","Veh6M-D3","Veh6M-D5","Veh6M-D7","Veh6M-D9","Veh6M-DistalColon","Veh6M-Duodenum","Veh6M-Esophagus","Veh6M-Ileum","Veh6M-Jejunum","Veh6M-ProxiColon","Veh6M-Stomach"
"d__Bacteria;  p__Actinobacteriota;  c__Actinobacteria;  o__Bifidobacteriales;  f__Bifidobacteriaceae;  g__Bifidobacterium",0,0,0,0,0,0,0,0,0,0,0,0,0,0,0,0,660,0,1649,914,1966,0,0,0,111,773,0,0,4590,1889,758,1062,4,0,0,0,0,0,0,0,0,0,0,0,7,301,3,0,0,7,0,0,0,0,0,0,0,0,0,0,0,0,0,0,0,0,0,0,0,0,0,0,4,0,0,0,0,0,0,0,0,637,0,8,19,0,0,0,392,34,696,302,955,2084,1646,1075,1794,190,177,458,1175,9,520,2219,0,0,0,0,0,0,0,0,0,0,0,0,0,0,0,0,0,0,0,0,0,0,792,0,3,1377,669,0,0,0,0,150,0,0,3150,3657,1741,442,0,0,0,0,0,0,0,4,0,0,0,0,0,0,0,0,0,0,0,0,0,0,0,0,0,0,0,0,0,0,0,0,0,0,0,0,0,0,0,0,0,0,0,0,0,0,0,0,0,0,0,0,0,0
"d__Bacteria;  p__Actinobacteriota;  c__Coriobacteriia;  o__Coriobacteriales;  f__Atopobiaceae;  g__Coriobacteriaceae_UCG-002",0,0,0,0,0,0,0,0,3,2,0,0,2,0,1603,518,1821,618,2130,1355,2323,218,303,2161,1404,828,2,3,2982,832,992,997,1266,52,0,25,0,26,6,22,0,13,0,25,11,222,3,8,5,9,0,0,0,0,0,0,0,0,0,17,0,3,0,0,0,0,0,3,0,0,2,2,9,6,0,0,0,0,0,0,0,592,0,3,21,0,1286,3076,27,2940,85,10,34,996,404,178,307,5,253,546,37,3,22,2526,0,0,0,0,0,0,4,4,0,0,0,4,0,0,0,0,45,0,0,2,0,2,825,0,1082,1656,422,0,0,2,133,65,0,3,1456,1810,1065,180,0,0,351,0,1084,869,318,0,0,14,257,539,4,0,1097,0,941,108,522,89,4302,79,3965,4904,7506,211,633,2528,1481,2537,2878,6,7607,5907,4342,827,684,47,129,167,73,167,232,22,28,77,48,229,3,5,62,18,92,15
"d__Bacteria;  p__Actinobacteriota;  c__Coriobacteriia;  o__Coriobacteriales;  f__Eggerthellaceae;  g__Adlercreutzia",34,0,0,0,0,18,20,0,0,0,0,87,15,32,20,0,0,0,0,0,0,24,0,13,0,0,0,0,0,0,0,0,0,0,0,21,18,22,15,18,0,12,0,23,0,0,0,75,24,16,0,0,28,25,37,14,0,49,48,11,40,31,0,0,0,16,0,0,0,41,0,35,37,11,26,65,59,93,73,29,0,0,0,0,12,0,20,0,0,0,0,0,0,13,0,0,20,0,0,0,13,0,0,0,0,0,0,0,0,0,15,22,0,14,11,46,0,0,0,0,0,0,0,14,0,24,10,12,0,8,9,9,0,0,12,0,0,0,8,8,12,0,0,106,20,51,24,11,21,45,22,39,40,19,0,0,55,0,44,0,0,0,0,21,0,9,0,10,17,0,0,0,0,0,0,0,0,0,0,0,0,0,0,0,0,0,0,17,0,0,0,0,0,0,0,0
"d__Bacteria;  p__Actinobacteriota;  c__Coriobacteriia;  o__Coriobacteriales;  f__Eggerthellaceae;  g__Enterorhabdus",128,27,46,86,0,37,68,39,56,0,0,246,51,190,86,23,14,26,12,6,41,57,22,73,8,5,0,0,9,2,4,9,66,64,52,79,42,42,42,55,9,43,28,71,0,4,0,327,83,51,34,31,60,110,71,34,55,155,125,20,90,61,0,0,0,45,19,19,55,63,34,80,46,26,69,73,149,186,130,92,0,8,17,11,47,10,116,19,25,31,26,0,20,44,45,4,46,10,6,3,30,2,7,28,23,100,66,13,58,44,81,39,4,59,21,189,20,31,0,0,4,3,34,10,36,73,58,23,23,39,19,34,16,14,31,6,0,0,59,68,53,5,9,88,23,37,61,14,44,33,65,132,53,13,0,0,113,0,60,2,28,17,52,40,37,48,43,31,55,34,0,24,39,0,66,35,62,0,25,45,38,25,44,38,41,30,17,80,71,40,0,0,11,4,37,0
"d__Bacteria;  p__Actinobacteriota;  c__Coriobacteriia;  o__Coriobacteriales;  f__Eggerthellaceae;  g__Parvibacter",243,57,132,126,40,130,152,73,95,0,0,597,81,287,209,108,59,80,28,26,86,142,72,188,42,26,0,0,27,7,20,26,182,98,134,263,151,142,115,209,33,101,68,160,0,17,0,560,141,134,51,80,150,247,134,79,136,337,272,58,165,83,0,0,0,79,14,43,139,116,103,134,63,44,154,295,214,254,157,211,0,22,31,24,74,70,278,43,96,106,54,13,44,84,105,24,66,23,8,18,59,0,46,63,34,119,132,25,106,101,128,50,10,75,32,357,27,57,0,7,0,0,48,102,105,102,159,58,33,67,44,62,57,33,85,9,0,0,118,147,74,11,88,33,55,20,63,32,70,39,119,226,94,25,0,0,85,0,87,0,78,24,104,176,46,99,95,85,131,96,37,39,74,0,129,75,83,18,79,66,165,47,154,150,102,99,73,308,271,128,0,0,34,8,84,6
"d__Bacteria;  p__Actinobacteriota;  c__Coriobacteriia;  o__Coriobacteriales;  f__Eggerthellaceae; NA",0,12,11,30,0,0,0,0,0,0,0,37,0,28,0,0,0,0,0,0,0,0,0,0,0,0,0,0,0,0,0,0,0,0,0,0,0,0,0,0,0,0,0,0,0,0,0,36,0,0,0,0,0,0,0,0,0,29,0,0,0,0,0,0,0,0,0,0,18,0,0,0,0,0,0,36,44,40,0,0,0,0,0,0,0,0,0,0,13,13,0,0,0,0,0,0,0,0,0,0,0,0,0,0,0,0,0,0,0,9,0,0,0,0,0,0,0,0,0,0,0,6,12,0,11,0,0,0,0,0,0,0,0,0,0,0,0,0,0,0,0,0,0,0,0,0,0,0,0,0,0,0,0,0,0,0,0,0,0,0,0,0,0,0,0,0,10,0,0,0,0,0,0,0,0,0,0,0,0,0,0,0,0,0,0,0,0,0,0,0,0,0,0,0,0,0
"d__Bacteria;  p__Bacteroidota;  c__Bacteroidia;  o__Bacteroidales;  f__Bacteroidaceae;  g__Bacteroides",348,589,3348,1775,44,740,7626,947,422,0,0,6,574,389,1055,644,1896,454,387,513,1319,339,379,999,147,388,0,0,8,0,371,63,579,781,1175,611,2325,3976,1659,1303,333,1347,4385,2525,0,75,0,6,1066,143,269,84,1623,682,215,164,1958,549,547,211,653,1266,0,0,0,5,309,60,1325,580,36,852,1441,162,275,277,672,560,1844,217,0,347,53,0,32,2,968,600,851,144,1255,256,344,2002,898,206,394,218,0,19,0,9,532,424,574,2098,1278,158,5052,610,1303,1185,666,296,393,1111,456,4116,0,3342,72,7,5001,16315,850,155,334,172,357,1652,806,570,800,124,1543,33,0,6,6,12,513,57,587,1771,108,953,720,449,913,685,904,1203,709,414,0,0,0,0,290,0,692,1144,906,651,538,1122,1847,877,1031,879,281,216,55,0,0,0,304,13,612,3870,1077,423,1210,1872,3103,934,947,997,1127,367,2,0,0,8,446,0
"d__Bacteria;  p__Bacteroidota;  c__Bacteroidia;  o__Bacteroidales;  f__Muribaculaceae;  g__Muribaculaceae",19553,5061,22256,25237,3239,9398,18961,9191,15146,28,16,3137,14629,28497,24255,11911,13506,9139,6853,5200,12332,14962,11812,12187,4784,3692,42,33,849,152,3440,1119,18492,8406,8715,13568,11843,20676,14250,16158,4647,11584,19199,27298,32,1096,11,10305,12169,8453,6464,5490,12684,25015,11722,6658,22366,22928,17251,6542,14883,14495,34,49,99,957,3357,1971,21242,8444,1772,17179,11140,7813,3765,11704,17505,36745,16392,14087,9,3268,3074,22,2770,74,24085,16501,6369,21942,6531,2428,6991,21948,13673,2543,7637,2254,751,1146,2431,148,5246,7096,7902,18286,22131,2075,10071,15594,24405,12662,2043,14861,10600,30924,6131,10155,26,411,1560,136,13392,3894,20105,14221,14743,14799,22296,33656,19103,18889,18503,5208,25282,1501,38,85,2097,6433,19309,1909,11625,12673,4373,9075,14501,9194,10478,9062,19402,22897,12341,8278,9,34,2085,22,11552,777,12793,11540,15902,12852,10786,20214,31123,19290,17986,15847,6527,6108,4144,6,11130,2821,12439,1233,13507,13118,13022,9794,10643,21429,27230,10454,8601,21989,26517,8969,36,19,468,238,9310,344
"d__Bacteria;  p__Bacteroidota;  c__Bacteroidia;  o__Bacteroidales;  f__Tannerellaceae; NA",0,0,10,9,0,11,0,9,0,0,0,10,0,0,11,0,0,0,13,5,0,0,0,0,5,9,0,0,0,0,0,0,0,0,5,0,0,0,0,2,0,5,0,5,2,0,0,17,7,0,0,8,8,0,0,0,0,994,0,0,0,0,0,7,5,0,5,0,0,0,7,0,0,0,0,0,0,0,8,15,8,6721,0,0,3,0,0,6,7,4,0,0,0,0,4,0,0,0,7,0,6,0,0,0,0,0,7,0,0,0,0,0,0,8,0,8,0,0,0,0,0,0,3,21,7,21,4,9,86,0,9,0,10,0,0,0,0,0,0,0,0,0,0,0,0,0,0,9,0,0,9,0,4,3,0,0,10,0,0,0,0,0,0,0,0,0,52,0,0,0,0,0,0,0,0,0,0,0,0,0,7,10,0,0,0,0,9,0,0,3,7,0,0,13,2,0
"d__Bacteria;  p__Cyanobacteria;  c__Cyanobacteriia;  o__Chloroplast;  f__Chloroplast;  g__Chloroplast",0,0,0,0,0,0,0,0,0,0,0,0,0,6,0,0,0,0,0,0,0,0,0,0,0,0,0,3,0,2,0,77,0,0,0,0,0,0,0,0,0,0,0,0,0,0,0,0,0,653,3,0,0,0,0,0,0,0,0,0,0,0,0,0,0,13,0,10,0,0,0,0,0,0,0,0,0,0,0,0,2,0,0,0,0,0,0,0,0,0,0,0,0,0,0,0,0,0,0,0,0,0,0,4,0,0,0,0,0,0,0,0,0,0,0,0,0,0,50,0,0,0,0,10,3,0,0,0,0,0,0,0,0,0,0,0,0,0,0,0,0,4,0,0,0,0,0,0,0,0,0,0,0,0,7,0,0,0,0,329,0,0,0,0,0,0,0,0,0,0,0,0,0,3,0,0,0,62,0,0,0,0,0,0,0,0,0,0,0,0,0,0,0,0,0,102
"d__Bacteria;  p__Firmicutes;  c__Bacilli;  o__Acholeplasmatales;  f__Acholeplasmataceae;  g__Anaeroplasma",62,20,157,100,0,0,15,26,23,0,2,3,80,17,181,43,75,40,13,17,51,0,0,0,0,12,0,0,0,0,7,6,8,118,300,142,66,369,418,75,48,65,77,451,0,31,0,0,637,31,35,43,298,147,18,8,38,0,0,0,6,29,0,0,0,0,88,0,636,155,18,28,0,7,13,0,0,0,0,38,0,16,8,0,16,0,580,43,322,161,30,13,25,16,9,10,34,17,0,0,0,4,59,21,309,120,153,179,153,51,32,239,8,87,44,44,25,36,0,3,25,0,158,45,286,102,610,101,82,226,342,92,24,13,27,46,0,0,0,0,251,46,107,562,0,106,0,0,0,137,0,0,0,0,0,0,0,0,0,0,268,0,30,0,12,30,36,0,0,0,0,12,25,0,3,0,47,0,196,28,0,85,0,0,0,36,0,0,0,0,0,0,0,0,0,0
"d__Bacteria;  p__Firmicutes;  c__Bacilli;  o__Erysipelotrichales;  f__Erysipelatoclostridiaceae;  g__Erysipelatoclostridiaceae",0,0,25,4,0,0,8,9,0,0,0,0,0,5,0,0,3,5,0,0,0,0,0,0,0,0,0,0,0,0,0,0,3,0,0,0,0,28,9,6,0,0,10,11,0,0,0,5,0,0,0,0,0,0,0,0,0,0,0,0,0,0,0,0,0,0,0,0,0,11,0,0,5,0,2,14,5,13,8,0,0,0,0,0,0,0,0,9,0,15,0,0,0,0,0,0,0,0,0,0,0,0,0,0,0,9,5,0,0,0,0,0,0,0,4,0,0,0,0,0,0,0,0,136,0,0,0,0,0,0,8,0,0,0,0,3,0,0,0,0,0,0,0,11,2,0,4,0,4,0,0,0,4,2,0,0,0,0,0,0,0,0,0,4,0,0,0,0,0,0,0,0,0,0,0,0,0,0,9,7,0,8,0,0,0,0,0,0,0,0,0,0,0,0,0,0
"d__Bacteria;  p__Firmicutes;  c__Bacilli;  o__Erysipelotrichales;  f__Erysipelatoclostridiaceae;  g__Erysipelatoclostridium",0,6,0,0,0,0,0,0,0,0,0,0,0,0,39,5,0,0,4,0,2,22,7,18,5,0,0,0,0,0,0,0,0,0,55,10,45,333,106,30,9,13,32,198,0,0,0,0,137,6,37,6,0,14,6,0,0,17,22,8,17,0,0,0,0,0,0,0,42,17,0,23,0,0,0,0,0,0,0,0,0,0,0,0,0,0,24,8,4,11,4,0,3,67,40,7,0,0,0,0,0,0,0,2,48,20,90,0,112,14,7,9,20,5,0,21,0,73,0,18,0,8,143,187,223,85,7,26,0,12,0,7,6,2,19,0,0,0,4,0,0,0,21,84,0,23,0,0,0,12,40,9,0,0,0,0,0,0,0,0,26,42,0,0,6,17,16,6,15,14,0,3,0,0,0,0,5,0,25,24,5,7,2,6,9,17,33,30,27,5,0,0,0,0,0,0
"d__Bacteria;  p__Firmicutes;  c__Bacilli;  o__Erysipelotrichales;  f__Erysipelotrichaceae;  g__Erysipelotrichaceae",21,6,29,27,0,13,3,9,11,0,0,18,9,29,10,15,0,7,0,0,4,4,0,0,0,0,0,0,0,0,0,0,2,20,3,9,15,28,23,3,0,6,22,15,0,0,0,33,6,0,0,4,8,5,0,3,0,8,0,0,0,6,0,0,0,0,8,2,0,0,9,0,7,3,4,0,0,0,4,7,0,0,4,0,5,0,13,11,0,23,0,0,0,17,6,0,0,0,0,0,0,0,0,0,11,4,9,5,4,5,5,10,0,9,3,12,0,0,0,9,2,20,4,45,0,6,0,8,0,0,0,0,0,0,2,0,0,0,0,0,0,0,0,38,5,6,9,3,12,6,9,5,17,3,0,0,0,0,0,0,13,0,0,0,4,0,0,4,4,0,0,0,3,0,0,2,6,0,13,14,0,22,0,3,5,9,0,0,0,0,0,0,0,0,0,0
"d__Bacteria;  p__Firmicutes;  c__Bacilli;  o__Erysipelotrichales;  f__Erysipelotrichaceae;  g__Ileibacterium",0,0,0,6,0,0,0,4,0,0,0,4,0,0,3,0,0,0,0,0,0,0,0,0,0,0,0,0,0,0,0,0,3,0,0,4,0,0,0,0,0,40,0,0,0,0,0,0,6,0,0,0,0,0,0,0,0,0,0,0,0,0,0,0,2,0,0,0,0,3,5,0,0,0,0,0,0,6,14,0,0,0,0,29,0,4,0,4,10236,15,10405,7311,16705,16,22,358,12247,7429,283,233,13870,0,15513,4605,0,0,0,0,0,0,0,0,0,0,3,0,0,0,0,0,0,0,0,0,0,3,4,0,0,0,2,0,4,0,0,0,0,0,15,16,11,2,0,0,4,0,4,0,4,7,9,0,6,0,0,0,0,0,0,0,0,0,0,0,2,0,0,0,0,0,0,0,0,0,2,0,0,0,0,0,0,5,0,0,0,0,0,0,0,0,0,0,0,0,0,0
"d__Bacteria;  p__Firmicutes;  c__Bacilli;  o__Erysipelotrichales;  f__Erysipelotrichaceae;  g__Turicibacter",3771,3061,638,3611,1437,3648,4000,207,3247,119,13,6627,2943,15459,2652,56,17,87,115,109,78,2760,2029,350,85,12,12,8,347,0,6,82,2544,1510,447,57,17,184,383,588,1048,3984,54,1213,12,118,5,319,834,18424,554,4632,5942,6486,6425,5240,12655,21242,8319,5659,11575,9207,38,65,5091,3780,4424,2420,3945,1339,2044,2736,5738,4184,1777,10379,3581,4731,2918,5975,0,898,652,564,3137,1234,1568,4740,1122,5398,1034,306,1409,7847,3254,778,2886,302,184,30,8151,29,919,3199,953,6026,2872,282,1245,4405,4059,1311,197,6359,1199,6920,1071,1263,204,174,3033,1432,1706,31304,363,7982,2184,8962,2765,6197,4153,5109,4500,784,3024,201,24,14,888,559,2648,5529,1492,14579,522,7650,1065,1648,944,6465,6828,6456,2475,823,36,10,8390,0,1272,2268,385,25,362,819,126,915,996,528,1985,1263,238,142,218,4,3059,326,351,1239,493,38,1478,1116,1881,4017,5841,195,68,584,3349,2002,85,8,1868,81,829,16779
"d__Bacteria;  p__Firmicutes;  c__Bacilli;  o__Erysipelotrichales;  f__Erysipelotrichaceae;  g__uncultured",9,5,20,6,0,0,0,0,4,0,0,8,10,14,4,0,0,0,0,0,0,0,0,0,0,0,0,0,0,0,0,0,0,0,0,0,0,0,0,0,0,0,0,0,0,0,0,5,0,4,28,39,22,47,39,0,28,3,13,11,10,22,0,0,0,0,13,0,46,28,9,54,15,9,10,157,174,184,80,15,0,0,0,0,15,0,0,9,0,0,0,0,0,0,0,0,0,0,0,0,0,0,0,0,9,46,3,13,41,9,12,17,7,20,0,30,3,31,0,0,0,0,52,4,146,78,18,25,13,16,10,12,7,0,0,0,0,0,0,5,0,3,5,7,0,4,12,0,8,0,31,33,3,0,0,0,0,0,5,0,0,0,0,0,0,0,0,0,4,15,2,0,0,0,0,0,0,0,0,0,0,0,0,0,5,0,0,5,0,4,0,0,0,0,0,0
"d__Bacteria;  p__Firmicutes;  c__Bacilli;  o__Lactobacillales;  f__Enterococcaceae;  g__Enterococcus",0,0,0,0,0,0,47,6,0,0,0,5,0,11,0,0,0,0,0,0,0,0,0,0,0,0,0,0,0,0,0,0,0,0,0,3,0,0,0,0,0,0,3,0,0,0,0,0,0,0,0,0,0,14,0,0,0,4,0,13,0,0,0,0,0,5,0,0,17,0,0,10,0,0,0,4,12,27,153,0,0,0,0,0,5,72,0,0,0,0,0,0,0,0,0,0,0,0,0,0,0,0,0,0,0,0,10,0,103,0,0,0,14,0,0,0,0,96,22,1099,744,2864,147,2160,17,0,0,0,0,0,0,0,0,0,0,0,0,0,0,0,0,0,5,0,0,0,0,0,0,0,0,0,0,0,0,0,0,0,0,0,0,0,0,0,0,0,6,0,0,0,0,0,0,0,0,0,0,0,0,13,0,0,0,0,0,0,0,0,0,0,0,0,0,4,0,0
"d__Bacteria;  p__Firmicutes;  c__Bacilli;  o__Lactobacillales;  f__Lactobacillaceae;  g__Lactobacillus",285,2747,172,67,812,1497,1436,70,260,15,11,761,287,3912,2756,25229,3975,20214,14272,4909,8497,16692,6895,13843,14137,3235,28,275,34109,10627,3312,28220,1488,157,21,19104,25,27,50,15680,886,7322,189,45,24,805,0,152,36,117,1642,13678,4555,2722,10410,25,10955,2531,13994,4606,16021,8938,902,915,10376,37384,5298,10388,6833,20801,21,10783,30,9474,24,3149,5222,1526,20,34,0,2187,55,85,1025,123,1585,4116,937,10716,1143,757,1052,9759,2254,576,1491,395,913,1772,1848,28,834,15681,2554,2763,5106,552,1264,6234,3035,776,344,2566,538,731,64,1086,192,6365,181,1773,1223,3428,1160,4143,8245,545,6734,4839,4516,10988,2472,1519,7820,1346,55,3232,19425,30885,12835,28150,2779,1699,3023,16609,4100,8697,2574,2900,1719,2834,4191,5741,1251,8713,28985,6,5797,25286,246,53,7913,26801,7052,8173,13754,27621,3042,1957,1349,4035,7657,64,18676,35351,10737,24221,908,369,4191,67,1908,7070,9007,346,2373,1873,8814,4362,61,69,8739,9751,2027,1252
"d__Bacteria;  p__Firmicutes;  c__Bacilli;  o__Lactobacillales;  f__Streptococcaceae;  g__Streptococcus",0,0,0,0,0,0,0,0,0,0,0,4,0,7,0,0,0,0,0,0,0,0,0,0,0,0,0,0,7,14,0,5,0,0,0,0,0,4,0,0,0,0,0,0,0,0,0,3,0,7,0,0,0,0,0,0,0,0,0,0,0,0,0,0,0,0,0,0,0,4,0,0,0,0,0,0,0,0,0,0,0,0,0,0,0,0,0,3,0,0,0,0,0,0,0,0,0,0,0,0,0,0,0,0,2,0,0,0,0,3,0,0,0,0,0,0,0,0,8,0,0,28,0,0,0,0,0,0,0,0,0,0,0,0,0,0,0,0,0,0,0,0,0,0,0,0,0,0,0,0,0,0,0,0,9,0,8,0,0,9,0,0,0,0,0,0,0,0,0,0,0,0,0,0,0,0,0,0,0,0,0,0,0,0,0,0,0,0,0,0,0,0,0,21,0,0
"d__Bacteria;  p__Firmicutes;  c__Bacilli;  o__RF39;  f__RF39;  g__RF39",901,101,298,1054,89,412,294,281,578,0,2,273,774,526,654,443,84,488,212,79,115,785,190,184,95,23,0,0,0,0,21,15,171,267,88,977,623,433,254,1080,233,575,1458,307,0,15,0,54,143,380,60,73,140,272,333,193,255,229,633,312,489,138,0,2,0,2,87,27,70,52,249,61,243,102,416,102,63,388,34,724,0,22,124,3,260,0,164,606,55,1105,62,15,42,565,254,51,79,25,0,0,0,6,37,54,275,702,449,218,76,347,245,451,29,426,316,462,61,72,0,4,62,0,93,38,144,272,34,426,227,392,175,601,222,30,273,3,0,0,2,0,73,15,193,639,19,94,102,109,126,367,250,162,206,16,0,0,2,0,43,0,259,412,140,1199,84,341,310,238,274,105,67,48,25,0,0,0,141,10,288,847,95,265,196,235,360,115,45,158,389,121,0,0,0,0,60,0
"d__Bacteria;  p__Firmicutes;  c__Bacilli;  o__Staphylococcales;  f__Staphylococcaceae;  g__Staphylococcus",77,0,3,319,0,0,0,338,62,0,0,133,84,487,0,0,0,0,0,0,0,0,0,0,0,0,0,0,0,4,0,0,0,0,0,0,0,0,0,0,0,0,0,0,0,16,0,40,0,42,0,0,0,5,0,79,0,0,0,0,0,0,0,0,0,0,0,0,0,0,3,0,6,0,4,0,0,6,0,16,0,0,10,0,10,11,0,0,0,0,0,0,0,0,0,0,0,0,0,0,0,0,0,0,0,0,8,0,0,0,0,0,0,0,0,0,0,4,5,117,5,150,9,482,6,0,0,0,0,0,0,0,0,0,0,0,0,0,0,0,0,0,4,0,0,0,0,0,0,0,0,0,0,0,3,0,0,0,0,0,3,0,0,0,0,0,0,0,0,0,0,0,3,0,0,0,0,0,5,18,0,0,0,0,0,0,0,0,0,0,0,0,22,11,0,9
"d__Bacteria;  p__Firmicutes;  c__Clostridia;  o__Christensenellales;  f__Christensenellaceae;  g__uncultured",52,4,34,37,0,17,132,46,21,0,0,0,21,18,27,20,9,13,5,0,3,8,3,4,7,0,0,0,0,0,0,0,16,20,10,87,21,40,18,18,5,14,45,28,0,0,0,11,21,0,0,0,27,16,8,5,20,15,18,3,13,16,0,0,0,0,8,0,15,14,6,11,17,6,12,8,7,12,15,18,0,0,10,0,10,0,15,36,9,41,8,0,0,19,16,5,11,0,0,0,0,0,4,0,16,24,21,4,7,3,10,8,0,0,0,16,0,9,0,0,0,0,6,0,48,4,3,0,4,17,17,7,0,0,6,0,0,0,0,0,8,0,8,22,11,0,20,0,16,13,11,19,13,6,0,0,0,0,0,0,5,7,9,23,0,0,8,6,9,8,3,0,0,0,0,0,0,0,8,88,11,16,11,6,24,10,8,14,11,10,0,0,0,0,0,0
"d__Bacteria;  p__Firmicutes;  c__Clostridia;  o__Clostridia_UCG-014;  f__Clostridia_UCG-014;  g__Clostridia_UCG-014",153,312,901,526,32,285,452,114,195,0,0,108,219,356,1277,902,83,444,371,35,99,465,246,201,179,19,0,0,4,0,10,13,262,623,114,1587,890,634,336,627,82,457,2302,429,0,12,0,259,153,133,111,39,57,72,250,45,163,143,292,278,568,83,0,0,0,5,42,30,75,177,213,172,35,25,351,78,53,190,102,641,0,15,0,0,268,12,195,1612,99,1392,134,42,83,1160,439,45,105,18,0,0,16,0,73,46,607,456,595,147,92,342,234,507,68,432,345,139,39,88,0,0,49,0,148,108,125,125,39,537,146,426,249,486,217,8,329,0,0,0,13,7,88,17,137,390,18,130,169,58,103,1078,336,261,168,22,0,0,7,0,36,0,663,400,138,522,137,504,374,328,474,72,54,41,31,0,8,5,82,3,360,1919,129,581,415,608,987,238,103,157,374,164,0,0,0,0,75,0
"d__Bacteria;  p__Firmicutes;  c__Clostridia;  o__Clostridia_vadinBB60_group;  f__Clostridia_vadinBB60_group;  g__Clostridia_vadinBB60_group",100,15,55,105,24,42,60,295,36,0,0,4,98,10,107,11,277,10,17,5,210,35,23,69,6,10,0,0,0,0,4,21,336,171,174,241,9,245,232,152,25,58,96,289,0,58,0,4,325,56,202,38,1937,173,84,153,262,283,969,89,402,396,0,0,0,0,378,5,400,70,236,102,391,58,831,376,233,255,633,1308,0,30,15,0,198,0,519,12,287,102,50,3,18,111,32,0,26,16,0,0,0,0,11,52,421,250,601,150,149,11,63,240,26,49,43,58,26,85,0,0,15,0,316,9,1212,102,238,62,71,205,242,145,80,25,113,37,0,0,0,0,134,27,66,78,45,39,100,24,447,27,42,44,43,226,0,0,0,0,247,0,184,60,48,68,3,17,10,16,31,33,3,4,35,0,0,0,83,0,302,27,28,59,24,26,191,56,10,43,56,15,0,0,0,0,80,0
"d__Bacteria;  p__Firmicutes;  c__Clostridia;  o__Clostridiales;  f__Clostridiaceae;  g__Clostridium_sensu_stricto_1",124,1313,37,110,228,801,606,56,110,5,2,178,110,246,700,167,84,94,388,189,247,404,270,221,162,41,0,6,18,21,50,226,536,944,0,45,0,8,19,32,38,151,0,47,4,16,0,10,24,149,272,975,125,3095,409,0,463,1964,263,93,355,153,0,0,0,7,108,68,0,0,0,0,0,270,0,34,0,0,0,0,0,147,16,0,9,0,542,1040,26,1330,119,17,46,650,607,250,337,7,0,22,3,4,23,256,1186,5461,896,1051,537,5073,1741,214,77,3288,604,1566,275,430,27,28,9,488,459,4310,20,302,671,487,995,1976,1235,955,983,274,1209,58,0,0,71,39,489,354,113,169,1218,85,3352,1847,2228,134,784,1060,1800,920,23,0,74,0,1824,1586,287,90,0,193,0,0,5,26,102,15,0,0,0,4,0,0,0,0,106,141,302,584,1209,858,752,646,2602,8806,6577,234,0,0,0,12,166,681
"d__Bacteria;  p__Firmicutes;  c__Clostridia;  o__Lachnospirales;  f__Lachnospiraceae;  g__[Eubacterium]_ventriosum_group",49,9,316,171,3,14,32,19,47,0,0,33,58,75,224,35,79,37,44,26,36,53,24,35,34,14,0,0,0,0,7,10,114,50,16,61,16,73,89,28,4,25,168,86,0,7,0,14,36,37,21,45,69,30,32,57,108,115,64,46,86,89,0,0,0,0,44,0,61,139,41,39,41,32,59,63,6,206,153,121,0,11,16,0,68,0,130,76,18,82,23,9,26,41,21,7,38,10,0,0,0,0,16,24,139,24,213,19,10,52,50,41,7,86,63,46,9,9,0,0,0,0,19,0,305,4,11,26,0,30,27,17,23,6,5,0,0,0,0,0,38,6,79,120,7,68,18,12,6,70,18,12,6,14,0,0,0,0,12,0,90,109,27,54,23,33,67,63,46,24,7,4,6,0,0,0,10,5,113,26,75,80,6,53,280,26,8,108,69,37,0,0,0,0,35,0
"d__Bacteria;  p__Firmicutes;  c__Clostridia;  o__Lachnospirales;  f__Lachnospiraceae;  g__[Eubacterium]_xylanophilum_group",2014,39,147,588,34,352,257,1390,366,0,0,1404,351,345,171,132,626,73,63,90,1049,314,225,658,156,91,0,0,0,11,30,54,461,384,270,1284,308,616,302,188,64,349,459,336,0,46,0,741,201,522,303,62,897,282,81,530,297,599,251,108,132,296,0,0,4,9,292,71,321,411,2104,338,590,120,1902,1048,462,982,747,1723,0,265,388,9,1259,17,1142,94,651,115,302,44,193,192,357,88,236,51,5,17,0,0,79,335,393,565,725,389,82,129,295,1047,71,361,68,712,206,41,0,0,59,0,85,0,962,451,564,512,68,192,182,467,37,124,157,12,0,0,0,10,72,73,162,534,340,83,219,131,899,136,50,662,212,68,0,0,0,0,334,0,116,46,540,607,31,194,173,12,11,15,15,109,634,0,19,10,915,26,174,147,485,112,386,148,180,245,51,709,311,280,0,0,10,10,367,10
"d__Bacteria;  p__Firmicutes;  c__Clostridia;  o__Lachnospirales;  f__Lachnospiraceae;  g__A2",1796,0,229,277,0,97,58,979,159,5,0,2305,135,121,26,34,1370,11,18,47,2382,26,16,96,31,100,0,0,0,9,33,56,93,517,414,84,0,113,210,24,3,10,67,178,0,127,0,406,149,774,10,0,1414,0,6,25,489,72,0,17,43,132,0,0,0,5,124,18,42,152,828,70,32,26,1235,13,8,49,89,388,0,629,368,0,172,17,884,21,219,17,18,0,48,63,55,5,32,5,38,17,0,0,7,627,77,145,378,22,304,6,83,3231,84,83,19,88,98,88,0,0,61,0,218,46,318,73,582,26,35,85,178,32,39,66,23,7,0,0,27,35,41,82,54,274,386,54,76,61,519,341,10,250,43,37,0,0,0,0,246,0,155,66,65,135,24,41,22,5,11,0,8,8,22,0,0,5,154,0,111,56,679,146,320,191,661,607,201,458,147,205,0,0,3,6,701,6
"d__Bacteria;  p__Firmicutes;  c__Clostridia;  o__Lachnospirales;  f__Lachnospiraceae;  g__Acetatifactor",12,0,0,0,0,23,25,46,0,0,0,0,0,0,47,0,169,0,0,10,118,0,19,127,34,11,0,0,0,0,6,0,0,0,228,0,0,11,62,19,23,111,213,51,0,16,0,0,37,19,18,0,682,9,19,9,134,71,28,14,0,119,0,0,0,0,184,9,14,9,93,0,0,24,46,0,0,6,5,89,0,23,7,0,89,0,101,0,381,8,28,8,31,0,19,0,18,13,0,0,0,0,21,34,20,13,85,43,234,0,53,410,10,112,15,176,44,48,0,0,0,0,52,9,8,17,156,9,0,25,36,14,9,14,9,8,0,0,0,0,0,9,0,45,0,0,0,0,0,31,0,0,0,0,0,0,0,0,0,0,46,0,146,21,10,63,18,11,0,14,0,13,68,0,0,0,214,0,13,6,0,0,0,0,0,0,0,0,0,0,0,0,0,0,22,0
"d__Bacteria;  p__Firmicutes;  c__Clostridia;  o__Lachnospirales;  f__Lachnospiraceae;  g__ASF356",72,8,17,12,5,10,9,33,16,0,0,0,10,6,0,32,93,12,7,8,157,5,6,53,5,7,0,0,0,0,4,6,68,99,160,62,25,39,41,6,3,14,16,59,0,6,0,12,38,145,0,6,306,7,0,8,49,22,9,0,0,19,0,0,0,0,39,0,0,9,51,3,5,0,286,6,4,23,6,47,0,71,11,0,0,0,185,15,134,34,20,0,6,34,16,0,0,4,0,0,0,0,4,49,0,24,23,78,150,6,35,480,22,6,0,0,62,39,0,0,6,0,88,57,0,0,114,16,11,46,35,7,6,9,6,2,0,0,3,8,12,5,0,61,8,0,9,5,125,12,4,31,7,0,0,0,0,0,26,0,0,4,117,27,0,17,13,24,7,5,0,10,31,0,0,0,153,0,0,5,57,29,54,13,41,35,18,15,11,10,0,0,0,0,47,0
"d__Bacteria;  p__Firmicutes;  c__Clostridia;  o__Lachnospirales;  f__Lachnospiraceae;  g__Blautia",146,0,96,45,0,0,37,63,24,0,0,69,55,3,16,5,62,5,7,10,68,20,0,10,6,7,0,0,0,0,0,3,13,8,194,107,10,37,60,14,12,32,40,53,0,0,0,3,117,73,39,0,409,21,43,106,50,166,72,14,31,65,0,0,0,0,114,3,34,19,845,13,83,25,525,108,47,105,72,952,0,10,17,0,426,5,101,6,120,10,24,6,15,10,16,0,16,5,0,3,0,0,12,35,14,44,251,23,498,20,60,339,0,28,5,115,22,60,0,3,0,0,99,7,45,14,253,40,4,29,33,18,0,6,18,0,0,0,0,0,20,25,11,31,132,0,12,9,82,15,3,21,14,10,0,0,0,0,147,0,30,17,70,53,21,37,24,3,34,6,0,18,79,0,0,2,124,0,0,21,121,5,0,11,36,16,0,37,31,51,0,0,0,0,140,0
"d__Bacteria;  p__Firmicutes;  c__Clostridia;  o__Lachnospirales;  f__Lachnospiraceae;  g__Dorea",98,0,0,0,0,0,0,9,0,0,0,14,22,0,0,0,0,14,0,0,0,29,0,0,0,0,0,0,0,0,0,0,0,0,43,26,0,23,21,0,0,0,0,35,0,0,0,246,41,30,0,0,0,0,0,0,0,0,0,0,0,0,0,0,0,0,0,0,0,0,0,0,0,0,0,0,0,0,0,0,0,0,0,0,0,0,13,31,23,61,0,0,0,43,49,0,0,0,0,0,0,0,0,0,0,0,0,0,0,0,0,0,0,0,0,0,0,0,0,0,39,0,0,0,0,0,0,0,0,0,0,0,0,0,0,0,0,0,0,0,0,0,0,0,0,0,0,0,0,0,0,0,0,0,0,0,0,0,0,0,0,0,0,0,0,0,0,0,0,0,0,0,0,0,0,0,0,0,0,43,0,0,0,0,0,0,0,0,0,0,0,0,0,0,0,0
"d__Bacteria;  p__Firmicutes;  c__Clostridia;  o__Lachnospirales;  f__Lachnospiraceae;  g__GCA-900066575",207,7,13,50,0,10,10,71,17,0,0,110,41,0,29,0,51,7,0,7,76,14,8,19,6,0,0,0,0,0,0,0,18,116,87,27,0,32,23,5,6,32,6,55,0,0,0,20,20,16,12,0,161,23,3,12,32,35,0,7,0,33,0,0,0,0,40,0,0,29,166,4,17,0,75,42,0,17,11,172,0,7,53,0,59,0,107,17,31,9,8,0,0,12,0,0,0,0,0,0,0,0,0,16,58,104,65,52,201,13,36,452,11,26,4,147,43,65,0,0,0,0,116,12,20,28,131,24,20,17,37,8,6,11,18,0,0,0,0,0,15,14,0,51,56,6,27,7,50,17,0,63,22,10,0,0,0,0,83,0,14,42,128,84,24,45,23,5,36,17,7,17,39,0,0,0,122,0,4,19,53,61,12,14,28,123,8,50,12,13,0,0,0,0,45,0
"d__Bacteria;  p__Firmicutes;  c__Clostridia;  o__Lachnospirales;  f__Lachnospiraceae;  g__Lachnoclostridium",3154,59,364,1117,27,440,118,2508,773,0,4,2510,751,697,308,333,644,455,50,63,1469,488,312,636,171,108,0,4,18,0,25,28,387,1427,1179,2376,1183,529,708,464,158,845,396,747,0,110,0,4796,697,850,94,185,1378,230,197,73,407,488,278,92,190,412,2,0,17,114,513,119,65,141,634,153,132,206,839,472,553,293,138,469,0,395,605,0,257,0,1175,312,611,395,380,31,108,256,512,80,210,53,17,39,100,0,110,533,232,1370,277,333,515,80,202,653,31,236,25,849,188,179,0,0,80,0,211,69,122,353,634,184,73,205,348,90,12,92,73,30,0,0,180,343,185,77,45,200,855,117,441,54,1942,82,90,1386,314,105,0,0,66,0,1061,0,172,152,795,581,255,560,304,65,239,109,50,147,479,0,352,154,858,10,158,912,258,213,393,114,168,645,91,478,155,203,0,0,0,0,227,4
"d__Bacteria;  p__Firmicutes;  c__Clostridia;  o__Lachnospirales;  f__Lachnospiraceae;  g__Lachnospiraceae_FCS020_group",189,5,41,22,0,11,15,49,18,0,0,97,29,22,11,0,5,0,0,0,0,0,4,45,6,0,0,0,0,0,0,0,16,0,11,0,9,4,7,0,0,11,12,5,0,6,0,82,15,31,6,0,149,0,0,0,31,14,0,0,0,22,0,0,0,0,17,12,3,15,79,0,9,7,59,11,7,8,13,55,0,0,38,0,38,4,56,0,37,0,14,0,0,0,18,0,7,0,0,0,0,0,0,0,9,22,11,0,17,0,0,12,3,31,0,9,0,5,0,0,3,0,9,0,10,156,14,131,8,10,8,72,18,0,0,0,0,0,7,0,0,8,0,14,12,0,0,0,14,10,0,12,5,0,0,0,0,0,10,0,16,23,22,24,0,0,5,6,4,0,0,0,3,0,0,0,14,0,0,13,26,0,0,4,21,0,0,0,0,0,0,0,0,0,12,0
"d__Bacteria;  p__Firmicutes;  c__Clostridia;  o__Lachnospirales;  f__Lachnospiraceae;  g__Lachnospiraceae_NK4A136_group",7911,142,654,1359,72,479,322,1157,634,0,0,3629,1657,224,1253,191,6416,166,66,174,3080,667,281,456,174,318,5,8,0,0,106,184,3671,1477,7469,4446,282,2267,2826,848,223,757,1659,2515,3,315,0,60,3891,1038,1000,67,10474,500,403,314,1751,1328,685,209,377,1414,0,6,0,0,3178,120,641,328,8146,94,394,344,2500,672,133,576,436,4924,0,736,1636,4,2786,53,5777,332,3345,879,424,34,242,681,377,59,275,122,0,0,0,13,320,946,3500,1145,4124,919,1655,116,632,5624,174,677,184,1782,375,513,0,3,280,0,822,78,1199,1011,3575,878,214,578,727,402,180,208,232,42,0,4,0,15,254,274,275,990,3375,65,563,186,1656,240,150,688,188,330,0,0,34,0,4328,41,2022,450,903,1383,135,249,200,264,447,120,25,101,714,0,13,11,1272,7,867,1582,3705,771,221,273,946,1086,263,657,343,1988,18,0,0,75,4127,23
"d__Bacteria;  p__Firmicutes;  c__Clostridia;  o__Lachnospirales;  f__Lachnospiraceae;  g__Lachnospiraceae_UCG-001",194,0,17,36,0,0,0,14,20,0,0,29,18,43,102,0,5,0,0,0,0,0,0,0,0,4,0,0,0,0,0,0,0,0,236,107,9,76,122,246,0,0,35,169,0,4,0,93,160,77,0,0,660,0,23,15,253,63,16,17,46,81,0,0,0,9,53,12,0,11,254,0,0,10,24,5,0,22,79,159,0,0,26,5,110,11,391,0,60,0,0,0,13,0,0,0,0,0,0,0,0,0,17,41,140,0,531,0,22,0,0,158,0,0,0,0,0,0,0,0,0,0,12,0,0,0,0,5,13,4,0,0,0,0,6,0,0,0,0,4,0,15,0,216,0,0,0,0,5,56,0,0,0,0,0,0,9,0,5,0,135,9,402,8,17,26,155,14,10,27,0,148,248,0,0,0,1189,12,0,13,0,6,0,0,0,0,0,5,0,0,0,3,0,0,0,0
"d__Bacteria;  p__Firmicutes;  c__Clostridia;  o__Lachnospirales;  f__Lachnospiraceae;  g__Lachnospiraceae_UCG-004",0,0,0,0,0,12,5,11,0,0,0,0,0,0,23,8,33,14,0,0,68,33,0,30,9,0,0,0,0,0,0,0,36,13,55,66,26,0,8,36,0,23,15,9,0,0,0,0,15,0,24,7,67,13,10,12,12,36,21,9,0,20,0,0,0,0,16,0,26,0,52,12,0,8,69,82,63,13,0,61,0,11,0,0,35,0,113,0,44,12,17,0,0,0,0,0,7,0,0,0,0,0,0,13,29,73,108,34,63,10,20,73,11,27,0,235,37,33,0,0,0,0,44,0,46,44,26,39,0,9,0,13,0,27,15,0,0,0,0,0,8,0,10,16,32,0,10,0,21,6,5,81,18,0,0,0,0,0,26,0,20,9,60,39,18,29,0,7,11,10,0,0,60,0,0,0,80,0,9,13,7,0,19,0,5,13,0,15,9,9,0,0,0,0,9,0
"d__Bacteria;  p__Firmicutes;  c__Clostridia;  o__Lachnospirales;  f__Lachnospiraceae;  g__Lachnospiraceae_UCG-006",1488,16,109,309,0,221,79,1255,241,0,0,1192,221,244,56,156,381,52,20,46,667,50,61,270,80,49,0,0,10,0,16,23,91,1246,511,619,628,295,306,79,31,341,198,440,0,59,0,2043,411,188,6,11,384,18,43,10,110,99,65,29,33,113,0,0,0,39,101,31,10,0,67,10,16,30,83,78,88,75,43,63,0,174,310,0,40,0,155,75,693,116,372,35,112,70,283,24,129,54,13,11,30,0,97,196,29,357,15,233,155,80,80,99,9,172,31,380,67,34,0,4,35,0,67,27,16,211,101,126,52,39,20,128,21,59,21,0,0,0,42,56,24,0,0,93,18,16,122,21,134,67,27,378,85,32,0,0,7,0,42,0,20,43,956,325,157,360,164,32,47,44,36,129,838,0,102,145,1006,0,28,150,259,202,286,95,73,277,12,239,119,167,0,0,22,8,222,0
"d__Bacteria;  p__Firmicutes;  c__Clostridia;  o__Lachnospirales;  f__Lachnospiraceae;  g__Lachnospiraceae_UCG-010",0,0,15,0,0,0,0,0,0,0,0,0,0,0,0,0,0,0,0,0,0,0,0,0,0,0,0,0,0,0,0,0,0,0,0,0,0,11,13,0,0,0,6,7,0,0,0,0,0,0,0,0,16,0,0,0,0,0,0,0,0,0,0,0,0,0,0,0,0,0,12,0,0,0,0,0,0,0,0,17,0,0,0,0,0,0,0,0,0,0,0,0,0,0,0,0,0,0,0,0,0,0,0,0,0,0,0,0,0,0,0,18,0,0,0,0,0,0,0,0,0,0,0,0,0,0,0,0,0,0,0,0,0,0,0,0,0,0,0,0,0,0,0,0,0,0,0,0,0,0,0,0,0,0,0,0,0,0,0,0,0,0,0,0,0,0,0,0,0,0,0,0,0,0,0,0,0,0,0,0,0,0,0,0,0,0,0,0,0,0,0,0,0,0,0,0
"d__Bacteria;  p__Firmicutes;  c__Clostridia;  o__Lachnospirales;  f__Lachnospiraceae;  g__Marvinbryantia",36,9,317,117,9,15,76,45,56,0,4,66,53,144,35,14,29,61,16,13,50,48,14,31,0,10,0,0,0,0,13,0,62,40,70,74,93,231,151,217,14,55,347,131,0,0,0,114,93,59,9,22,60,140,68,25,173,159,67,20,57,64,0,0,0,0,33,14,23,5,44,7,14,21,58,14,12,27,59,79,0,11,0,0,35,6,22,60,7,69,4,0,11,69,38,10,9,0,0,0,0,0,19,14,27,18,44,33,62,68,56,189,22,55,13,122,12,36,0,8,6,0,131,175,70,65,34,95,16,56,56,46,40,9,40,0,0,0,8,11,44,0,39,121,11,59,80,22,48,64,37,47,39,26,0,0,0,0,34,0,22,64,26,38,19,36,69,77,74,34,6,6,15,0,7,13,14,0,35,69,32,132,66,127,234,87,62,81,155,80,0,0,0,0,21,0
"d__Bacteria;  p__Firmicutes;  c__Clostridia;  o__Lachnospirales;  f__Lachnospiraceae;  g__Roseburia",1119,37,247,298,14,103,59,81,124,0,0,896,207,136,607,173,195,120,0,36,148,76,16,47,3,26,0,0,0,0,10,9,14,605,643,736,145,178,251,144,45,183,202,319,0,32,0,171,157,508,80,78,324,275,0,45,106,749,30,25,38,37,0,0,0,0,17,0,198,86,2345,63,16,7,2387,824,54,210,78,1057,0,129,264,0,550,19,1506,64,71,153,0,0,0,138,43,0,0,0,0,0,0,0,0,101,731,875,339,566,415,75,65,1855,67,288,30,195,104,114,0,0,15,0,233,41,418,483,1368,205,58,264,360,94,29,65,16,16,0,0,11,6,84,299,85,89,110,17,16,0,97,49,26,205,13,8,0,0,0,0,140,0,217,136,1670,987,235,692,575,303,377,302,86,214,713,0,51,0,2845,23,76,148,125,91,0,0,111,45,6,42,0,46,0,0,0,0,142,0
"d__Bacteria;  p__Firmicutes;  c__Clostridia;  o__Lachnospirales;  f__Lachnospiraceae;  g__Tuzzerella",49,11,12,21,0,9,0,0,14,0,0,0,17,0,32,13,94,0,0,0,23,5,6,11,0,6,0,0,0,0,0,0,4,0,52,32,0,9,24,0,0,12,0,8,0,5,0,0,10,24,10,0,84,0,8,11,24,0,11,5,0,21,0,0,0,0,37,0,4,8,33,0,0,9,34,13,15,0,0,48,0,11,11,0,7,0,70,7,32,16,12,0,0,9,9,0,9,0,0,0,0,0,0,8,44,0,35,0,81,0,0,17,0,0,0,0,0,9,0,0,0,0,25,0,10,0,38,0,0,0,9,0,0,0,0,0,0,0,0,0,7,0,10,7,7,0,0,0,9,0,0,0,0,0,0,0,0,0,9,0,14,0,12,34,0,0,0,0,0,0,0,0,0,0,0,0,14,0,12,0,7,0,0,0,0,9,0,0,0,0,0,0,0,0,8,0
"d__Bacteria;  p__Firmicutes;  c__Clostridia;  o__Lachnospirales;  f__Lachnospiraceae;  g__Tyzzerella",240,0,48,25,0,6,9,9,14,0,0,53,21,0,0,0,65,0,0,5,43,12,0,14,0,8,0,0,0,0,0,0,0,0,71,46,0,26,15,0,0,0,35,26,0,10,0,20,35,48,7,0,169,0,3,15,61,24,6,0,0,38,0,0,0,0,42,0,0,14,190,0,4,8,49,6,0,25,31,145,0,10,47,0,66,0,8,0,65,0,5,0,5,16,7,0,0,0,0,0,0,0,7,7,3,0,30,9,0,0,0,0,0,28,3,0,0,0,0,0,0,0,0,0,8,0,15,8,0,7,0,9,0,0,0,0,0,0,0,0,0,0,0,20,3,0,0,0,0,0,0,0,0,0,0,0,0,0,3,0,0,0,0,0,0,0,0,5,0,0,0,0,0,0,0,0,0,0,0,17,33,8,0,0,12,0,0,8,6,17,0,0,0,0,39,0
"d__Bacteria;  p__Firmicutes;  c__Clostridia;  o__Lachnospirales;  f__Lachnospiraceae;  g__uncultured",5291,43,393,884,9,359,107,2563,574,0,3,3585,917,181,385,200,1636,168,77,84,2154,142,198,1007,148,119,0,0,9,16,28,87,465,1791,2390,2301,1295,612,835,244,68,835,467,876,0,134,0,2602,1192,1056,277,185,3128,174,119,181,564,577,280,53,210,377,0,4,5,54,624,101,222,227,3439,74,233,163,3033,1069,652,582,295,1689,0,597,911,6,1062,10,2552,242,1686,527,503,14,176,352,320,100,176,61,20,26,66,6,119,527,275,1171,1402,650,1243,105,343,2760,111,466,43,1410,309,388,0,2,125,0,438,65,653,491,1630,203,57,279,304,222,19,207,90,8,0,0,72,110,93,130,62,803,1341,62,291,92,2430,118,109,1532,216,89,3,0,124,0,1647,20,803,156,1184,540,188,381,221,63,139,168,48,121,1015,0,185,119,1533,42,316,536,1368,429,723,205,605,995,168,653,309,577,6,2,132,29,1595,21
"d__Bacteria;  p__Firmicutes;  c__Clostridia;  o__Lachnospirales;  f__Lachnospiraceae; NA",10597,300,1076,2571,123,1467,692,2319,1655,0,0,6793,1988,1129,847,458,3027,524,89,212,3098,517,492,1483,258,219,0,0,0,5,77,78,581,1954,6614,2307,1831,2675,2906,550,198,771,1667,2908,0,249,0,6249,3607,2151,301,297,6369,981,564,560,1471,2088,1080,296,441,1189,0,8,0,30,1821,191,288,733,8563,496,799,505,4981,1782,1110,1239,1461,5346,0,784,2340,38,3066,115,3737,597,2269,864,829,34,206,866,773,77,424,68,14,19,62,22,175,1002,734,3925,1099,2037,3618,557,1171,7037,245,1679,230,3581,756,1191,0,4,257,9,1604,176,985,2421,4274,1310,328,902,1295,714,101,493,282,57,0,0,69,133,394,370,75,664,1620,222,599,161,2134,279,230,1528,388,321,0,0,116,0,2108,0,499,1396,2909,4352,533,1122,775,430,871,466,123,365,1987,2,101,40,3869,18,226,1301,1822,541,1256,528,775,1343,264,1723,671,910,0,0,22,28,1907,13
"d__Bacteria;  p__Firmicutes;  c__Clostridia;  o__Monoglobales;  f__Monoglobaceae;  g__Monoglobus",134,0,87,158,0,0,0,0,104,0,0,224,181,276,0,79,0,28,0,0,0,0,0,0,0,0,0,0,0,0,0,0,0,4,0,289,0,0,0,351,8,0,0,0,0,3,0,106,0,38,0,0,0,0,0,0,0,0,0,0,0,0,0,0,0,0,0,0,0,0,0,0,0,0,0,0,0,0,0,0,0,0,27,0,0,0,0,6,0,67,0,0,0,148,27,0,0,0,0,0,0,3,0,0,0,0,0,0,0,0,0,0,0,0,0,0,0,0,0,0,11,0,0,0,0,0,0,0,0,0,0,0,0,0,0,0,0,0,0,0,0,0,0,9,0,0,0,0,0,0,0,3,0,0,0,0,0,0,0,0,0,0,0,3,0,0,0,0,0,0,0,0,0,0,0,0,0,0,0,94,4,9,0,3,10,17,9,6,11,7,0,0,0,0,4,0
"d__Bacteria;  p__Firmicutes;  c__Clostridia;  o__Oscillospirales;  f__[Eubacterium]_coprostanoligenes_group;  g__[Eubacterium]_coprostanoligenes_group",662,179,1220,656,11,581,1177,340,567,0,0,283,786,291,0,88,515,27,0,44,131,6,0,3,4,38,0,0,5,0,75,31,267,145,187,271,254,1036,176,0,0,356,573,404,0,30,0,39,498,72,80,36,154,78,405,0,444,6,0,28,155,280,0,0,0,0,149,35,464,76,0,104,0,128,0,0,2,0,0,3,0,41,116,0,7,0,396,428,242,444,188,76,164,58,258,75,145,99,0,0,3,5,64,55,245,248,444,19,1300,403,294,54,270,649,200,530,55,1686,0,0,37,0,1981,0,0,231,177,321,178,691,245,79,181,55,292,13,0,0,9,14,210,17,389,466,26,327,333,263,106,485,642,280,288,130,0,0,0,0,54,0,374,538,308,171,197,471,402,585,628,340,107,121,25,0,3,0,212,14,0,428,298,290,188,436,604,89,61,621,637,127,0,0,7,5,106,0
"d__Bacteria;  p__Firmicutes;  c__Clostridia;  o__Oscillospirales;  f__Butyricicoccaceae;  g__Butyricicoccus",26,0,4,0,0,0,0,8,0,0,0,0,0,0,0,0,0,0,0,0,10,4,0,7,0,0,0,0,0,0,0,0,9,0,13,10,0,0,0,0,0,0,0,0,0,0,0,9,0,15,0,0,62,0,0,0,9,22,0,0,0,11,0,0,0,0,7,0,0,0,30,24,0,0,20,0,0,13,15,19,0,0,0,0,0,0,73,0,82,0,10,0,13,10,0,0,6,0,0,0,0,0,0,5,0,5,21,24,15,8,0,39,0,0,0,0,0,0,0,0,0,0,0,0,24,10,73,0,11,21,11,0,5,12,0,0,0,0,0,0,10,0,16,0,0,0,0,0,0,0,0,8,0,0,0,0,0,0,0,0,0,10,16,16,0,5,0,10,0,0,0,0,9,0,0,0,39,0,0,0,0,0,5,0,0,24,19,8,0,0,0,0,0,0,0,0
"d__Bacteria;  p__Firmicutes;  c__Clostridia;  o__Oscillospirales;  f__Butyricicoccaceae;  g__UCG-009",113,4,12,24,0,0,9,9,7,0,0,0,32,0,45,8,82,0,0,4,102,10,0,12,0,5,0,0,0,0,0,4,9,8,81,44,0,11,38,0,9,13,39,37,0,5,0,6,60,22,59,0,185,0,19,10,22,41,37,9,0,41,0,0,0,0,53,0,3,14,97,0,5,6,84,17,7,28,14,205,0,27,23,0,114,0,144,16,81,21,10,0,6,21,10,3,20,5,0,0,0,0,7,34,66,7,0,22,53,0,22,70,0,12,3,12,9,4,0,0,6,0,30,0,73,14,36,28,4,14,21,5,0,0,0,4,0,0,0,0,5,4,20,19,9,0,5,4,11,12,0,0,0,0,0,0,0,0,21,0,65,5,29,18,6,17,4,0,8,4,0,0,7,0,0,0,28,0,12,21,24,13,6,7,18,0,5,29,10,15,0,0,0,0,27,0
"d__Bacteria;  p__Firmicutes;  c__Clostridia;  o__Oscillospirales;  f__Oscillospiraceae;  g__Colidextribacter",525,14,63,140,0,59,37,165,47,0,0,69,88,19,174,68,312,44,5,43,328,14,14,93,20,17,0,0,0,0,17,28,204,88,365,224,77,143,180,52,7,38,72,226,0,43,0,61,262,153,97,14,634,68,72,51,168,83,53,11,32,163,0,0,0,6,252,19,46,65,566,41,65,67,381,35,22,106,68,514,0,252,67,0,187,0,264,48,198,71,41,8,21,45,62,6,35,20,0,0,0,0,24,82,194,102,336,117,232,36,107,326,10,78,42,245,70,79,0,0,18,0,102,0,164,58,291,96,37,115,109,59,20,13,58,0,0,0,0,0,62,29,61,97,92,9,62,13,122,11,22,135,58,22,0,0,0,0,129,0,109,62,134,191,21,72,58,25,80,35,13,0,21,0,0,0,146,0,124,54,124,68,89,71,121,62,24,116,48,114,0,0,0,0,181,0
"d__Bacteria;  p__Firmicutes;  c__Clostridia;  o__Oscillospirales;  f__Oscillospiraceae;  g__Intestinimonas",516,111,60,86,30,370,17,90,55,0,0,16,101,9,10,10,72,10,6,0,89,10,11,29,6,0,0,0,0,0,0,0,28,148,135,42,132,499,193,17,0,256,818,441,0,6,0,60,224,142,16,0,178,0,285,0,227,7,19,7,47,154,0,0,0,7,140,0,0,9,70,8,226,162,44,16,135,840,552,52,0,25,77,0,0,0,78,11,118,9,93,36,56,0,0,0,10,26,0,0,5,0,60,41,71,118,42,12,64,11,17,69,0,14,0,42,14,18,0,0,10,0,0,0,11,18,48,13,0,12,0,0,0,9,0,0,0,0,0,0,0,0,0,15,32,0,7,0,33,5,0,53,14,0,0,0,0,0,39,0,18,0,219,78,89,251,174,0,9,41,40,47,68,0,10,17,178,5,16,13,14,300,16,8,8,240,170,118,15,24,0,0,0,0,27,0
"d__Bacteria;  p__Firmicutes;  c__Clostridia;  o__Oscillospirales;  f__Oscillospiraceae;  g__NK4A214_group",32,0,14,11,0,6,27,22,19,0,0,13,16,0,9,6,0,23,0,0,0,20,0,8,6,0,0,0,0,0,0,0,8,6,9,31,7,15,14,35,0,0,17,17,0,0,0,0,8,0,0,0,7,28,9,7,5,28,25,18,10,10,0,0,0,0,4,0,0,0,13,27,11,0,6,53,19,46,48,19,0,0,0,0,9,0,12,11,10,12,6,3,0,18,6,0,0,0,0,0,0,0,0,0,20,12,25,7,17,11,22,9,0,23,4,72,8,7,0,0,0,0,8,0,8,48,0,20,0,13,11,5,0,8,24,0,0,0,0,0,0,0,7,17,5,8,19,11,6,11,6,10,9,0,0,0,0,0,0,0,0,15,19,14,0,18,20,8,27,10,0,0,6,0,0,0,19,0,12,33,5,0,0,0,5,0,0,13,0,5,0,0,0,0,4,0
"d__Bacteria;  p__Firmicutes;  c__Clostridia;  o__Oscillospirales;  f__Oscillospiraceae;  g__Oscillibacter",2951,8,328,491,0,32,43,918,174,0,3,27,320,98,45,45,1331,7,14,63,753,24,19,132,23,36,0,0,0,0,0,45,245,270,710,225,85,289,264,17,14,75,331,245,0,92,0,54,320,590,108,14,1727,20,43,70,261,113,92,27,32,141,0,0,0,0,435,27,26,36,1109,0,145,32,458,101,63,52,73,733,0,161,450,0,337,6,693,34,647,72,54,6,38,75,103,14,30,6,0,11,0,0,20,168,244,132,298,150,397,12,117,1327,33,63,25,92,91,97,0,0,49,0,192,12,128,48,537,81,32,132,187,54,12,25,36,18,0,0,0,9,52,69,12,65,294,0,97,37,520,20,21,106,44,34,0,0,22,0,334,12,101,181,484,237,27,144,92,35,69,22,7,25,158,0,2,2,500,9,43,317,329,231,217,157,211,228,62,146,70,58,0,0,0,13,312,0
"d__Bacteria;  p__Firmicutes;  c__Clostridia;  o__Oscillospirales;  f__Oscillospiraceae;  g__Oscillospira",21,11,0,0,0,0,0,0,0,0,0,0,0,0,7,0,37,0,0,0,17,0,0,0,0,0,0,0,0,0,0,0,0,7,38,16,0,0,0,0,0,0,0,9,0,0,0,0,0,8,0,0,0,0,0,0,0,0,0,0,0,0,0,0,0,0,0,0,0,0,45,0,0,0,26,0,0,0,0,46,0,0,5,0,10,0,81,0,0,0,0,0,0,0,0,0,0,0,0,0,0,4,0,0,0,0,17,0,0,0,0,28,0,0,0,0,0,0,0,0,0,0,0,0,8,0,19,0,0,0,0,0,0,0,0,0,0,0,0,0,0,0,0,0,0,0,0,0,0,0,0,0,0,0,0,0,0,0,0,0,11,0,9,26,0,0,0,0,0,0,0,0,0,0,0,0,0,0,0,0,23,0,0,0,9,0,0,0,7,0,0,0,0,0,16,0
"d__Bacteria;  p__Firmicutes;  c__Clostridia;  o__Oscillospirales;  f__Oscillospiraceae;  g__UCG-005",7,10,60,33,0,11,14,25,6,0,0,0,0,10,64,19,28,11,0,18,50,0,37,19,0,0,0,0,0,0,6,8,77,104,14,43,0,61,32,16,10,71,92,26,0,5,0,0,19,0,29,6,24,0,11,0,46,0,0,6,0,13,0,0,0,0,18,0,119,85,10,45,12,6,12,0,0,0,12,0,0,0,0,0,0,0,63,64,37,62,18,12,11,36,25,0,28,11,0,0,0,0,15,18,30,26,36,9,169,17,38,87,29,14,13,51,6,137,0,0,0,0,217,33,42,7,9,13,19,65,76,10,7,0,29,4,0,0,0,0,11,7,60,61,6,42,37,7,22,39,53,18,22,0,0,0,0,0,0,0,48,32,30,12,29,46,45,24,85,34,8,10,6,0,0,0,11,0,120,141,21,119,49,75,174,57,55,55,40,0,0,0,0,0,13,0
"d__Bacteria;  p__Firmicutes;  c__Clostridia;  o__Oscillospirales;  f__Oscillospiraceae;  g__uncultured",1621,12,523,601,3,0,55,370,249,0,4,14,448,143,231,55,175,0,0,11,90,6,8,14,0,0,0,0,0,0,0,6,265,22,459,426,124,201,310,19,7,12,257,234,0,10,0,77,332,546,341,19,1390,146,52,110,266,13,14,0,22,228,0,3,0,3,392,46,140,196,798,36,117,64,668,14,5,10,23,641,0,15,232,0,141,11,842,10,660,15,65,0,39,0,15,0,6,0,0,0,0,3,35,54,754,355,672,304,1411,62,295,1896,58,156,57,322,172,284,0,11,16,0,427,75,377,194,341,284,114,205,286,201,31,61,112,16,0,0,0,0,60,48,116,213,174,12,300,65,522,70,75,364,199,30,0,0,0,0,244,0,133,140,173,121,19,157,55,37,129,60,0,15,43,0,0,0,278,0,88,373,102,26,86,35,84,74,16,120,88,28,0,0,0,0,100,0
"d__Bacteria;  p__Firmicutes;  c__Clostridia;  o__Oscillospirales;  f__Oscillospiraceae; NA",392,0,111,68,3,0,0,60,26,0,0,0,56,19,0,0,19,0,0,0,22,14,9,19,0,0,0,0,0,0,0,0,12,0,63,23,7,13,9,0,0,0,23,0,0,0,0,0,23,126,0,0,178,0,0,0,6,13,5,0,0,0,0,0,0,0,0,0,0,0,12,0,0,0,54,0,0,0,0,5,0,0,61,0,0,0,91,0,118,8,4,0,0,5,8,0,0,0,0,0,0,0,0,0,0,7,12,0,44,0,10,77,0,0,0,0,0,0,0,0,0,0,16,11,0,0,16,0,0,4,0,0,0,0,0,0,0,0,0,0,0,0,0,0,9,0,0,0,30,0,0,4,0,0,0,0,0,0,18,0,0,0,18,24,0,0,8,0,0,0,0,0,0,0,0,0,29,0,0,37,0,0,0,0,0,0,0,0,9,0,0,0,0,0,5,0
"d__Bacteria;  p__Firmicutes;  c__Clostridia;  o__Oscillospirales;  f__Ruminococcaceae;  g__[Eubacterium]_siraeum_group",0,0,0,0,0,0,0,0,0,0,0,0,0,0,30,82,238,71,23,53,438,130,331,574,44,20,0,0,0,0,6,38,78,651,59,1083,162,94,41,149,152,493,136,35,0,25,0,0,73,0,0,0,0,0,0,0,0,0,0,0,0,0,0,0,0,0,0,0,0,0,0,0,0,0,0,0,0,0,0,0,0,95,0,0,0,0,254,115,161,170,196,16,34,125,332,51,126,14,0,0,0,0,18,68,0,0,0,0,0,0,0,0,0,0,0,0,0,0,0,0,0,0,0,0,0,0,0,0,4,0,0,0,0,0,0,0,0,0,0,0,0,0,0,0,0,0,0,0,0,0,0,0,0,0,0,0,0,0,0,0,0,77,256,779,109,338,187,49,127,58,33,49,71,0,10,0,211,16,7,762,300,203,407,284,187,406,69,415,205,154,0,0,0,3,257,0
"d__Bacteria;  p__Firmicutes;  c__Clostridia;  o__Oscillospirales;  f__Ruminococcaceae;  g__Anaerotruncus",325,0,20,42,0,11,41,444,20,0,0,134,32,5,0,4,74,6,0,10,73,9,16,116,8,4,0,0,0,0,0,0,21,176,189,601,90,66,75,67,17,55,55,82,0,0,0,0,74,70,8,0,234,8,16,10,28,21,8,0,0,24,0,0,0,0,33,0,0,0,160,7,4,0,137,30,0,25,9,128,0,11,62,0,38,0,214,20,172,29,52,0,22,4,11,0,12,0,0,0,0,0,9,14,0,76,19,23,240,0,36,214,10,10,4,128,50,64,0,3,0,0,71,45,8,10,199,0,6,23,35,4,3,8,7,0,0,0,0,0,13,4,0,16,170,0,25,7,403,0,11,127,22,10,0,0,0,0,213,0,15,10,97,18,12,11,11,7,9,7,0,8,130,0,0,0,199,0,6,112,86,27,33,14,23,56,7,27,19,30,0,0,0,0,88,0
"d__Bacteria;  p__Firmicutes;  c__Clostridia;  o__Oscillospirales;  f__Ruminococcaceae;  g__Harryflintia",39,0,0,14,0,0,0,0,0,0,0,4,0,0,0,0,10,0,0,0,9,0,0,0,0,0,0,0,0,0,0,0,0,0,12,9,0,0,16,0,0,0,0,0,0,0,0,0,8,0,0,0,38,0,0,0,9,0,0,0,0,0,0,0,0,0,7,0,0,0,0,0,0,0,11,0,0,0,0,15,0,0,7,0,0,0,13,0,9,0,0,0,0,0,0,0,0,0,0,0,0,0,0,0,0,0,0,0,8,0,0,11,0,0,0,0,0,0,0,0,0,0,0,0,0,0,0,0,0,0,0,0,0,0,0,0,0,0,0,0,0,0,0,0,0,0,0,0,7,0,0,0,0,0,0,0,0,0,0,0,0,0,0,0,0,0,0,0,0,0,0,0,0,0,0,0,0,0,0,6,0,0,0,0,0,0,0,0,0,0,0,0,0,0,0,0
"d__Bacteria;  p__Firmicutes;  c__Clostridia;  o__Oscillospirales;  f__Ruminococcaceae;  g__Incertae_Sedis",541,11,111,211,9,48,75,384,77,0,0,50,96,131,67,49,62,39,42,11,102,49,67,139,54,5,0,0,0,0,8,8,105,171,197,215,83,76,74,52,35,81,111,96,0,6,0,372,122,152,41,38,360,62,46,24,114,63,48,25,17,91,0,0,0,6,75,13,15,296,253,51,35,17,312,250,12,103,44,177,0,20,76,0,68,0,491,101,126,91,71,0,29,52,38,6,8,7,2,0,0,0,7,28,82,325,109,79,119,19,100,265,24,33,0,160,35,68,0,5,10,0,100,54,83,117,52,77,13,39,40,33,0,27,12,0,0,0,22,14,0,7,12,51,47,0,40,12,306,17,0,101,29,8,0,0,5,0,52,0,71,63,37,103,27,53,29,5,34,7,0,6,13,0,4,0,34,0,18,136,61,99,109,53,124,144,39,94,36,27,0,0,3,0,50,0
"d__Bacteria;  p__Firmicutes;  c__Clostridia;  o__Oscillospirales;  f__Ruminococcaceae;  g__Paludicola",0,0,0,11,0,0,0,12,0,0,0,0,0,0,0,0,0,0,0,0,0,0,0,9,0,0,0,0,0,0,0,0,0,0,0,0,7,0,0,0,0,14,0,0,0,0,0,14,0,0,0,0,0,0,0,0,0,0,0,0,0,0,0,0,0,0,0,0,0,0,0,0,0,0,0,0,0,0,0,0,0,0,0,0,0,0,0,0,0,0,0,0,0,0,0,0,0,0,0,0,0,0,0,0,0,0,0,0,0,0,0,0,0,0,0,0,0,0,0,0,0,0,0,0,0,0,0,0,0,0,0,0,0,0,0,0,0,0,0,0,0,0,0,0,0,0,0,0,0,0,0,0,0,0,0,0,0,0,0,0,0,0,0,0,0,0,0,0,0,0,0,0,0,0,0,0,0,0,0,0,0,0,0,0,0,0,0,0,0,0,0,0,0,0,0,0
"d__Bacteria;  p__Firmicutes;  c__Clostridia;  o__Oscillospirales;  f__Ruminococcaceae;  g__Ruminococcaceae",166,9,51,146,15,78,93,182,51,0,0,0,86,44,0,0,35,0,0,0,58,0,24,32,0,0,0,0,0,0,0,0,0,0,18,0,0,10,16,0,0,0,0,0,0,0,0,0,16,75,26,11,30,61,14,40,18,181,145,75,16,7,0,3,0,0,15,0,0,98,102,50,20,6,242,365,128,248,188,119,0,0,29,0,47,0,26,0,22,0,17,0,8,11,26,0,21,0,0,0,0,0,0,20,24,192,38,208,36,40,26,100,19,89,19,73,14,19,0,0,14,0,27,8,25,90,17,124,0,0,7,156,5,0,0,0,0,0,0,0,0,0,0,35,0,0,0,0,22,16,10,0,0,0,0,0,0,0,0,0,22,0,0,0,0,0,0,0,0,0,0,0,0,0,0,0,0,0,0,0,0,0,0,0,0,0,0,0,0,0,0,0,0,0,0,0
"d__Bacteria;  p__Firmicutes;  c__Clostridia;  o__Oscillospirales;  f__Ruminococcaceae;  g__Ruminococcus",2552,59,1007,1120,110,670,1251,1040,633,0,0,23,835,128,423,27,151,51,106,78,61,426,199,633,233,14,0,3,0,0,7,5,241,129,26,447,6,22,17,1689,157,728,94,12,0,20,0,60,33,204,137,0,1503,12,492,77,865,0,17,188,247,631,0,0,0,3,642,20,170,7,45,0,572,193,64,0,0,145,458,122,0,22,354,0,33,5,701,112,996,310,394,94,197,851,428,98,422,115,0,0,0,0,269,23,903,446,952,47,960,29,213,431,109,92,65,529,116,593,0,0,88,0,624,13,235,9,245,7,201,657,304,70,271,48,459,23,0,0,0,4,83,61,234,173,145,50,332,207,320,71,541,483,283,53,0,0,5,0,156,0,409,326,248,95,109,350,296,282,150,306,59,23,7,0,0,0,137,21,230,621,323,179,430,616,951,169,221,516,578,100,0,0,8,0,135,14
"d__Bacteria;  p__Firmicutes;  c__Clostridia;  o__Oscillospirales;  f__Ruminococcaceae;  g__uncultured",462,7,78,95,0,36,166,88,28,0,0,23,80,11,27,5,348,0,0,12,183,19,14,24,12,0,0,0,0,0,3,17,39,35,237,117,9,62,57,44,7,29,95,110,0,11,0,0,88,63,31,0,659,55,19,41,107,85,58,12,24,104,0,0,0,0,127,7,11,31,262,11,37,39,111,43,7,59,45,206,0,32,77,0,94,0,157,18,179,53,22,0,10,39,53,13,25,0,0,0,0,0,19,39,57,66,50,58,224,8,41,244,9,45,10,114,31,50,0,0,9,0,88,17,54,31,160,50,23,68,40,63,11,10,33,5,0,0,0,0,6,0,5,32,33,3,32,0,105,31,42,51,17,0,0,0,0,0,32,0,42,32,61,95,9,35,0,30,35,35,7,0,0,0,0,0,68,0,10,51,109,29,40,29,61,55,53,56,34,23,0,0,0,0,60,0
"d__Bacteria;  p__Firmicutes;  c__Clostridia;  o__Oscillospirales;  f__Ruminococcaceae; NA",31,0,0,10,0,0,12,14,5,0,0,0,20,0,5,4,7,0,0,0,13,0,0,0,0,0,0,0,0,0,0,0,0,0,9,3,5,9,5,0,0,0,0,11,0,0,0,0,4,7,0,0,14,0,0,0,6,0,0,0,0,16,0,0,0,0,6,0,3,0,5,0,0,0,11,0,0,4,0,7,0,4,12,0,4,0,17,0,5,0,0,0,0,4,4,0,0,0,0,0,0,0,3,6,9,4,0,0,30,0,0,11,0,0,0,6,3,5,0,0,0,0,11,0,0,0,0,0,0,0,9,0,0,0,0,0,0,0,0,0,0,0,0,7,0,0,8,0,0,0,0,10,4,0,0,0,0,0,4,0,0,0,0,0,0,0,0,0,0,0,0,0,0,0,0,0,0,0,0,21,0,0,0,0,0,3,0,0,0,0,0,0,0,0,8,0
"d__Bacteria;  p__Firmicutes;  c__Clostridia;  o__Oscillospirales;  f__UCG-010;  g__UCG-010",25,4,18,15,7,40,35,17,10,0,0,0,15,7,87,16,64,13,23,24,39,32,8,68,21,13,0,0,0,0,9,2,27,8,73,40,26,180,35,88,14,41,28,138,0,0,0,0,94,5,28,0,55,52,26,24,46,68,66,12,33,34,0,0,0,0,17,4,56,12,10,45,38,20,4,16,11,43,26,20,0,7,0,0,14,0,81,32,39,18,19,9,7,47,48,10,41,7,0,0,0,0,33,11,20,14,60,0,46,14,26,26,27,24,11,26,6,30,0,3,0,0,54,12,46,6,4,8,5,36,7,19,13,0,39,0,0,0,0,0,8,0,24,31,0,25,36,24,10,13,26,34,20,0,0,0,0,0,0,0,7,11,15,13,9,20,19,22,35,21,3,2,2,0,0,0,13,0,28,26,21,12,13,33,54,6,4,22,31,16,0,0,0,0,13,0
"d__Bacteria;  p__Firmicutes;  c__Clostridia;  o__Peptococcales;  f__Peptococcaceae;  g__uncultured",0,10,0,0,0,14,19,79,0,0,0,0,0,0,19,0,18,9,0,9,51,0,10,17,4,0,0,0,0,0,0,5,19,20,32,25,7,50,43,7,0,18,75,56,0,3,0,0,43,10,18,4,84,3,0,0,22,8,6,0,8,22,0,0,0,0,13,0,9,12,28,4,0,0,16,31,0,8,0,28,0,7,0,0,4,0,48,5,17,5,0,0,0,11,0,0,3,0,0,0,0,0,0,14,10,45,28,39,73,15,28,61,0,20,7,64,12,19,0,0,0,0,34,4,20,25,97,20,0,15,18,10,8,9,14,0,0,0,0,0,11,5,0,18,38,0,13,7,85,0,0,11,9,0,0,0,0,0,39,0,9,11,22,49,5,0,4,0,9,4,0,0,11,0,0,0,19,0,21,19,11,11,6,12,16,8,0,28,6,0,0,0,0,0,0,0
"d__Bacteria;  p__Firmicutes;  c__Clostridia;  o__Peptostreptococcales-Tissierellales;  f__Anaerovoracaceae;  g__[Eubacterium]_brachy_group",0,0,0,0,0,5,3,25,0,0,0,0,0,0,22,5,23,15,0,3,33,0,3,18,11,4,0,0,0,0,0,0,17,57,37,52,20,9,11,6,0,12,0,24,0,0,0,12,15,7,9,14,22,13,6,5,10,13,8,9,0,14,0,0,0,0,16,5,4,7,35,10,7,9,37,11,20,12,10,39,0,0,0,0,14,0,43,4,17,13,6,0,6,4,9,0,5,0,0,0,0,0,0,14,16,29,9,17,88,9,15,23,0,11,0,45,3,14,0,0,0,0,9,0,0,22,42,10,0,6,0,0,0,4,0,0,0,0,6,8,7,0,0,6,17,10,8,0,21,0,0,40,13,4,0,0,9,0,12,0,0,0,30,16,0,19,6,0,11,0,0,10,21,0,12,16,41,0,3,34,32,13,28,9,0,37,7,30,21,20,0,0,3,0,23,0
"d__Bacteria;  p__Firmicutes;  c__Clostridia;  o__Peptostreptococcales-Tissierellales;  f__Anaerovoracaceae;  g__[Eubacterium]_nodatum_group",31,6,70,40,7,39,28,12,30,0,0,15,32,39,75,33,11,19,16,6,7,43,15,16,12,0,0,0,0,0,0,0,102,18,13,46,7,44,28,41,9,32,32,27,0,0,0,0,28,14,27,4,21,25,25,17,24,64,37,15,40,29,0,0,0,0,17,6,92,38,11,21,20,15,21,66,47,77,54,36,0,0,4,0,21,0,46,21,10,24,9,0,4,15,16,7,15,4,0,0,0,0,5,4,70,15,118,14,17,18,23,36,0,16,9,26,6,22,0,26,0,6,41,62,61,7,0,14,10,11,15,16,8,0,17,0,0,0,0,0,8,0,65,52,12,22,23,19,20,11,23,37,9,3,0,0,0,0,10,0,22,17,0,29,7,25,24,11,14,13,0,3,4,0,0,0,6,0,35,21,11,21,16,19,35,8,14,14,19,13,0,0,0,0,10,0
"d__Bacteria;  p__Firmicutes;  c__Clostridia;  o__Peptostreptococcales-Tissierellales;  f__Anaerovoracaceae;  g__Family_XIII_AD3011_group",5,0,13,10,0,3,0,0,0,0,0,0,0,0,19,0,0,4,0,0,0,0,0,0,0,0,0,0,0,0,0,0,9,0,0,5,0,9,6,0,0,0,8,5,0,0,0,0,8,0,0,0,4,0,6,4,7,0,0,0,9,0,0,0,0,0,0,0,9,0,0,0,5,0,0,0,0,5,5,12,0,0,0,0,0,0,18,8,0,11,0,0,0,0,0,0,0,0,0,0,0,0,0,0,0,0,7,0,0,0,3,9,0,0,0,0,0,0,0,0,0,0,0,6,13,0,4,0,0,0,4,0,4,0,4,0,0,0,0,0,3,4,0,19,0,8,5,0,8,5,8,7,0,0,0,0,0,0,0,0,6,0,0,0,0,0,0,4,0,0,0,0,0,0,0,0,0,0,17,9,0,0,0,15,22,0,0,0,6,7,0,0,0,0,0,0
"d__Bacteria;  p__Firmicutes;  c__Clostridia;  o__Peptostreptococcales-Tissierellales;  f__Peptostreptococcaceae;  g__Romboutsia",6,58,0,8,29,10,24,0,9,0,0,6,8,15,163,0,0,3,0,3,0,4,0,0,0,0,0,0,0,0,0,5,132,0,0,0,0,0,0,10,10,36,0,4,0,0,0,0,0,23,61,24,0,42,0,0,0,143,0,0,5,0,0,0,0,0,0,0,283,0,0,0,0,0,0,0,0,0,0,0,0,603,0,0,0,0,100,22,0,26,0,0,3,16,12,0,0,0,0,0,0,0,0,0,184,198,238,7,6,185,11,0,0,389,78,318,20,15,0,0,0,0,11,8,12,0,0,11,11,0,0,0,0,0,0,0,0,0,0,0,0,0,129,12,0,0,0,0,0,0,0,0,0,0,0,0,0,0,0,0,61,0,0,0,0,0,7,0,0,0,0,0,0,0,0,0,0,0,58,0,0,0,0,0,0,0,0,5,12,0,0,0,0,0,0,0
"d__Bacteria;  p__Proteobacteria;  c__Alphaproteobacteria;  o__Rickettsiales;  f__Mitochondria;  g__Mitochondria",0,0,0,0,0,0,0,0,0,0,0,0,0,34,4,2,0,4,0,0,0,0,0,0,0,3,0,15,31,26,0,1472,10,0,0,0,0,7,0,13,0,0,0,2,0,0,0,12,0,3543,21,0,7,0,0,0,11,36,0,0,0,0,0,0,6,53,0,43,0,11,0,0,4,0,0,0,0,0,0,0,0,0,0,0,30,23,0,20,0,7,0,0,0,4,3,0,0,0,0,0,0,0,0,29,3,4,4,0,0,9,0,0,0,0,6,0,0,0,45,0,0,74,0,79,79,0,0,13,0,2,28,13,0,0,4,0,0,0,0,0,7,8,6,0,0,0,0,0,0,5,2,0,0,3,69,0,16,0,0,1540,8,0,0,0,0,0,0,5,0,0,0,0,72,0,2,0,0,477,29,0,0,5,0,6,39,6,0,4,0,7,2,0,0,40,0,318
"d__Bacteria;  p__Proteobacteria;  c__Gammaproteobacteria;  o__Burkholderiales;  f__Sutterellaceae;  g__Parasutterella",18,113,53,16,80,355,237,4,9,0,0,11,19,45,392,148,672,209,89,135,377,157,137,97,58,182,0,0,136,8,114,74,163,36,33,120,21,94,62,183,29,65,36,143,0,35,0,27,50,54,98,66,89,144,33,91,237,262,265,46,106,110,0,0,7,14,51,20,512,101,29,46,83,21,66,142,184,58,137,191,0,81,6,0,57,0,213,339,103,355,45,26,48,562,136,24,70,28,18,33,34,0,34,212,157,192,460,3,265,26,223,146,75,51,35,90,64,281,44,289,11,54,338,1338,318,26,472,122,322,815,374,186,413,39,356,47,0,0,2,33,622,81,124,203,17,148,124,132,45,129,203,175,150,87,0,0,0,0,37,8,177,17,401,58,156,115,875,95,106,286,81,196,131,0,357,73,375,35,165,89,97,60,39,129,276,104,73,169,105,64,0,0,0,4,104,0
"d__Bacteria;  p__Verrucomicrobiota;  c__Verrucomicrobiae;  o__Verrucomicrobiales;  f__Akkermansiaceae;  g__Akkermansia",2346,447,1603,2206,341,1683,3683,595,1049,6,0,1422,1537,2162,2953,1494,4317,1357,1402,1011,2482,2725,768,2887,1385,1126,0,5,61,14,1087,268,5403,598,449,4420,1648,2416,691,3897,308,1267,4687,1149,7,335,0,921,1009,174,1048,89,186,527,2121,395,717,2710,4049,1513,2994,326,0,4,0,22,103,40,6264,246,184,1411,1956,340,91,3827,5769,2756,2343,656,0,517,271,0,233,16,3036,1638,363,1664,546,189,388,1371,1196,297,658,130,39,132,25,16,280,938,1289,510,4593,5,4229,253,1371,778,1053,677,774,3130,263,5285,3,70,98,50,7104,208,4745,805,539,626,1073,2111,801,563,748,176,1892,66,5,8,424,395,939,33,1388,1492,205,1442,1243,980,455,778,2904,1481,1471,566,0,0,128,0,477,2,2523,1061,470,1111,649,1026,1264,1191,1372,1225,200,273,148,0,165,210,537,35,1805,9010,1086,966,1382,2237,3827,1654,1862,2143,2337,1353,2,0,56,21,673,0
