"","GeneFamily","RPK","Sample_ID","RPKG"
"1","UniRef90_Q8ZNL7|g__Klebsiella.s__Klebsiella_oxytoca",10644.1955711223,"Pa1Tx5FUPt19R1_S7",1.75907168534326
"2","UniRef90_Q8ZNL7|g__Escherichia.s__Escherichia_coli",624.4541814909,"Pa1Tx5FUPt19R1_S7",0.103197997642487
"3","UniRef90_Q8ZNL7|g__Escherichia.s__Escherichia_fergusonii",22.7071572857,"Pa1Tx5FUPt19R1_S7",0.00375261025307329
"4","UniRef90_Q8ZNL7|g__Klebsiella.s__Klebsiella_oxytoca",5982.7026629911,"Pa1Tx5FUPt19R2_S185",1.75126669614831
"5","UniRef90_Q8ZNL7|g__Escherichia.s__Escherichia_coli",372.7335423467,"Pa1Tx5FUPt19R2_S185",0.109107183829659
"6","UniRef90_Q8ZNL7|g__Escherichia.s__Escherichia_fergusonii",14.091641084,"Pa1Tx5FUPt19R2_S185",0.00412492866763102
"7","UniRef90_Q8ZNL7|g__Klebsiella.s__Klebsiella_oxytoca",13326.3713297297,"Pa1Tx5FUPt19R3_S163",1.74498272340129
"8","UniRef90_Q8ZNL7|g__Escherichia.s__Escherichia_coli",842.6874881327,"Pa1Tx5FUPt19R3_S163",0.110343248858564
"9","UniRef90_Q8ZNL7|g__Escherichia.s__Escherichia_fergusonii",74.534482885,"Pa1Tx5FUPt19R3_S163",0.00975969989983857
"10","UniRef90_Q8ZNL7|g__Klebsiella.s__Klebsiella_oxytoca",1436.100106922,"Pa1Tx5FUPt19R4_S105",0.656193221937347
"11","UniRef90_Q8ZNL7|g__Escherichia.s__Escherichia_coli",97.0003481222,"Pa1Tx5FUPt19R4_S105",0.0443220988958591
"12","UniRef90_Q8ZNL7|g__Klebsiella.s__Klebsiella_oxytoca",2431.7212673195,"Pa1Tx5FUPt19R5_S176",1.03157881129708
"13","UniRef90_Q8ZNL7|g__Escherichia.s__Escherichia_coli",160.8233028984,"Pa1Tx5FUPt19R5_S176",0.0682240657522714
"14","UniRef90_Q8ZNL7|g__Vibrio.s__Vibrio_parahaemolyticus",50.2085618451,"Pa1Tx5FUPt19R5_S176",0.0212993525373068
"15","UniRef90_Q8ZNL7|g__Citrobacter.s__Citrobacter_amalonaticus",44.8113611383,"Pa1Tx5FUPt19R5_S176",0.0190097653365542
"16","UniRef90_Q8ZNL7|g__Escherichia.s__Escherichia_fergusonii",3.5896047639,"Pa1Tx5FUPt19R5_S176",0.00152277329854178
"17","UniRef90_Q8ZNL7|g__Klebsiella.s__Klebsiella_oxytoca",3457.7082768497,"Pa1Tx5FUPt21R1_S78",1.22642414626713
"18","UniRef90_Q8ZNL7|g__Escherichia.s__Escherichia_coli",509.1990922655,"Pa1Tx5FUPt21R1_S78",0.180609239418163
"19","UniRef90_Q8ZNL7|g__Escherichia.s__Escherichia_fergusonii",188.731682635,"Pa1Tx5FUPt21R1_S78",0.0669417643758181
"20","UniRef90_Q8ZNL7|g__Klebsiella.s__Klebsiella_oxytoca",8987.7098444054,"Pa1Tx5FUPt21R2_S162",1.33301795026156
"21","UniRef90_Q8ZNL7|g__Escherichia.s__Escherichia_coli",1234.1869963403,"Pa1Tx5FUPt21R2_S162",0.183049235965835
"22","UniRef90_Q8ZNL7|g__Escherichia.s__Escherichia_fergusonii",401.876258637,"Pa1Tx5FUPt21R2_S162",0.0596045350619037
"23","UniRef90_Q8ZNL7|g__Klebsiella.s__Klebsiella_oxytoca",2793.3773606536,"Pa1Tx5FUPt21R3_S182",1.29051768196361
"24","UniRef90_Q8ZNL7|g__Escherichia.s__Escherichia_coli",354.7950880476,"Pa1Tx5FUPt21R3_S182",0.16391245273504
"25","UniRef90_Q8ZNL7|g__Escherichia.s__Escherichia_fergusonii",114.9838695297,"Pa1Tx5FUPt21R3_S182",0.0531216150237412
"26","UniRef90_Q8ZNL7|g__Klebsiella.s__Klebsiella_oxytoca",7601.1626828588,"Pa1Tx5FUPt21R4_S167",1.44469913339991
"27","UniRef90_Q8ZNL7|g__Escherichia.s__Escherichia_coli",1002.4337297751,"Pa1Tx5FUPt21R4_S167",0.190525476314664
"28","UniRef90_Q8ZNL7|g__Escherichia.s__Escherichia_fergusonii",273.7138121075,"Pa1Tx5FUPt21R4_S167",0.0520228448791162
"29","UniRef90_Q8ZNL7|g__Klebsiella.s__Klebsiella_oxytoca",6349.9011201212,"Pa1Tx5FUPt21R5_S145",1.28205499931142
"30","UniRef90_Q8ZNL7|g__Escherichia.s__Escherichia_coli",888.2273736451,"Pa1Tx5FUPt21R5_S145",0.179334500390649
"31","UniRef90_Q8ZNL7|g__Escherichia.s__Escherichia_fergusonii",226.2548260708,"Pa1Tx5FUPt21R5_S145",0.0456812043833636
"32","UniRef90_D4MUM3|g__Anaerostipes.s__Anaerostipes_hadrus",372.1287487163,"Pa1Tx5FUPt31R1_S86",0.118495610223332
"33","UniRef90_Q8ZNL7|g__Klebsiella.s__Klebsiella_oxytoca",1966.3594734452,"Pa1Tx5FUPt50R1_S94",0.567658877056641
"34","UniRef90_Q8ZNL7|g__Escherichia.s__Escherichia_coli",1738.8737085976,"Pa1Tx5FUPt50R1_S94",0.501987103627794
"35","UniRef90_Q8ZNL7|g__Escherichia.s__Escherichia_fergusonii",355.5124532342,"Pa1Tx5FUPt50R1_S94",0.102631183518542
"36","UniRef90_Q8ZNL7|g__Escherichia.s__Escherichia_coli",621.5655975555,"Pa1Tx5FUPt50R4_S113",0.604205244460712
"37","UniRef90_Q8ZNL7|g__Klebsiella.s__Klebsiella_oxytoca",539.1970167437,"Pa1Tx5FUPt50R4_S113",0.524137221550496
"38","UniRef90_Q8ZNL7|g__Escherichia.s__Escherichia_fergusonii",77.7526689516,"Pa1Tx5FUPt50R4_S113",0.07558103366102
"39","UniRef90_Q8ZNL7|g__Escherichia.s__Escherichia_coli",389.7897257452,"Pa1Tx5FUPt50R5_S184",0.960873738400479
"40","UniRef90_Q8ZNL7|g__Klebsiella.s__Klebsiella_oxytoca",174.6195217872,"Pa1Tx5FUPt50R5_S184",0.430455965396715
"41","UniRef90_Q8ZNL7|g__Escherichia.s__Escherichia_fergusonii",25.5416012597,"Pa1Tx5FUPt50R5_S184",0.062962803445428
"42","UniRef90_Q8ZNL7|g__Klebsiella.s__Klebsiella_oxytoca",549.1288674757,"Pa1TxCAPPt19R2_S170",1.44020321161699
"43","UniRef90_Q8ZNL7|g__Escherichia.s__Escherichia_coli",36.6257140453,"Pa1TxCAPPt19R2_S170",0.096058455710564
"44","UniRef90_Q8ZNL7|g__Klebsiella.s__Klebsiella_oxytoca",2358.4032877749,"Pa1TxCAPPt19R3_S81",1.8759382542727
"45","UniRef90_Q8ZNL7|g__Escherichia.s__Escherichia_coli",136.0522298917,"Pa1TxCAPPt19R3_S81",0.108219651811011
"46","UniRef90_Q8ZNL7|g__Escherichia.s__Escherichia_fergusonii",4.3747748175,"Pa1TxCAPPt19R3_S81",0.00347981512598724
"47","UniRef90_Q8ZNL7|g__Klebsiella.s__Klebsiella_oxytoca",14640.2070137452,"Pa1TxCAPPt19R4_S121",0.848759757791029
"48","UniRef90_Q8ZNL7|g__Escherichia.s__Escherichia_coli",900.9604880679,"Pa1TxCAPPt19R4_S121",0.0522328000494698
"49","UniRef90_Q8ZNL7|g__Escherichia.s__Escherichia_fergusonii",8.9844467472,"Pa1TxCAPPt19R4_S121",0.000520869468435823
"50","UniRef90_D4MUM3|unclassified",10.7705053853,"Pa1TxCAPPt19R4_S121",0.000624415456252189
"51","UniRef90_Q8ZNL7|g__Klebsiella.s__Klebsiella_oxytoca",13998.6348793754,"Pa1TxCAPPt19R5_S153",1.99816900288044
"52","UniRef90_Q8ZNL7|g__Escherichia.s__Escherichia_coli",877.3406772265,"Pa1TxCAPPt19R5_S153",0.125231850198692
"53","UniRef90_Q8ZNL7|g__Escherichia.s__Escherichia_fergusonii",8.0645724146,"Pa1TxCAPPt19R5_S153",0.00115113929030895
"54","UniRef90_Q8ZNL7|g__Klebsiella.s__Klebsiella_oxytoca",7761.5538358334,"Pa1TxCAPPt21R2_S144",1.53943404843416
"55","UniRef90_Q8ZNL7|g__Escherichia.s__Escherichia_coli",1052.7204014196,"Pa1TxCAPPt21R2_S144",0.208797576323529
"56","UniRef90_Q8ZNL7|g__Escherichia.s__Escherichia_fergusonii",285.9802743014,"Pa1TxCAPPt21R2_S144",0.0567216024976323
"57","UniRef90_Q8ZNL7|g__Klebsiella.s__Klebsiella_oxytoca",6795.1819170392,"Pa1TxCAPPt21R3_S89",1.79098760552396
"58","UniRef90_Q8ZNL7|g__Escherichia.s__Escherichia_coli",841.7103347132,"Pa1TxCAPPt21R3_S89",0.221847302297038
"59","UniRef90_Q8ZNL7|g__Escherichia.s__Escherichia_fergusonii",256.0626944465,"Pa1TxCAPPt21R3_S89",0.0674897475284331
"60","UniRef90_Q8ZNL7|g__Klebsiella.s__Klebsiella_oxytoca",5900.3267754634,"Pa1TxCAPPt21R4_S137",1.89050093721497
"61","UniRef90_Q8ZNL7|g__Escherichia.s__Escherichia_coli",802.9597051076,"Pa1TxCAPPt21R4_S137",0.257273221097581
"62","UniRef90_Q8ZNL7|g__Escherichia.s__Escherichia_fergusonii",250.5860132284,"Pa1TxCAPPt21R4_S137",0.0802892976760674
"63","UniRef90_Q8ZNL7|g__Klebsiella.s__Klebsiella_oxytoca",1339.117669854,"Pa1TxCAPPt21R5_S169",1.54512130598165
"64","UniRef90_Q8ZNL7|g__Escherichia.s__Escherichia_coli",147.2925739739,"Pa1TxCAPPt21R5_S169",0.169951378719963
"65","UniRef90_Q8ZNL7|g__Escherichia.s__Escherichia_fergusonii",42.8884404997,"Pa1TxCAPPt21R5_S169",0.0494861987771678
"66","UniRef90_Q8ZNL7|g__Klebsiella.s__Klebsiella_oxytoca",1644.0135261205,"Pa1TxCAPPt50R2_S178",0.862223674034044
"67","UniRef90_Q8ZNL7|g__Escherichia.s__Escherichia_coli",1521.3840816837,"Pa1TxCAPPt50R2_S178",0.797909111868269
"68","UniRef90_Q8ZNL7|g__Escherichia.s__Escherichia_fergusonii",305.8874295377,"Pa1TxCAPPt50R2_S178",0.160426528824979
"69","UniRef90_Q8ZNL7|g__Escherichia.s__Escherichia_coli",4830.2683262335,"Pa1TxCAPPt50R3_S179",0.944262448849654
"70","UniRef90_Q8ZNL7|g__Klebsiella.s__Klebsiella_oxytoca",2365.502432082,"Pa1TxCAPPt50R3_S179",0.462428786232524
"71","UniRef90_Q8ZNL7|g__Escherichia.s__Escherichia_fergusonii",411.4558525176,"Pa1TxCAPPt50R3_S179",0.080434933351777
"72","UniRef90_Q8ZNL7|g__Escherichia.s__Escherichia_coli",4048.4983047546,"Pa1TxCAPPt50R4_S129",1.02653374835101
"73","UniRef90_Q8ZNL7|g__Klebsiella.s__Klebsiella_oxytoca",169.3237696098,"Pa1TxCAPPt50R4_S129",0.0429335893998865
"74","UniRef90_Q8ZNL7|g__Escherichia.s__Escherichia_fergusonii",6.3011644791,"Pa1TxCAPPt50R4_S129",0.0015977178461728
"75","UniRef90_Q8ZNL7|g__Escherichia.s__Escherichia_coli",4619.1012442447,"Pa1TxCAPPt50R5_S161",0.895132977806048
"76","UniRef90_Q8ZNL7|g__Klebsiella.s__Klebsiella_oxytoca",736.930561602,"Pa1TxCAPPt50R5_S161",0.142809350382824
"77","UniRef90_Q8ZNL7|g__Escherichia.s__Escherichia_fergusonii",92.4365635162,"Pa1TxCAPPt50R5_S161",0.0179132285661653
"78","UniRef90_Q8ZNL7|g__Klebsiella.s__Klebsiella_oxytoca",7272.0048802288,"Pa1TxVehPt19R1_S39",1.42768192528381
"79","UniRef90_Q8ZNL7|g__Escherichia.s__Escherichia_coli",392.8684590126,"Pa1TxVehPt19R1_S39",0.0771302009809358
"80","UniRef90_Q8ZNL7|g__Escherichia.s__Escherichia_fergusonii",5.3659393387,"Pa1TxVehPt19R1_S39",0.00105347214863122
"81","UniRef90_Q8ZNL7|g__Klebsiella.s__Klebsiella_oxytoca",2209.8104610192,"Pa1TxVehPt19R2_S173",1.06841577391753
"82","UniRef90_Q8ZNL7|g__Escherichia.s__Escherichia_coli",142.377036438,"Pa1TxVehPt19R2_S173",0.0688375198947293
"83","UniRef90_Q8ZNL7|g__Citrobacter.s__Citrobacter_amalonaticus",43.8131620585,"Pa1TxVehPt19R2_S173",0.0211831169569704
"84","UniRef90_Q8ZNL7|g__Vibrio.s__Vibrio_parahaemolyticus",42.9994336359,"Pa1TxVehPt19R2_S173",0.020789689422018
"85","UniRef90_Q8ZNL7|g__Escherichia.s__Escherichia_fergusonii",7.9828201557,"Pa1TxVehPt19R2_S173",0.00385959389963381
"86","UniRef90_Q8ZNL7|g__Klebsiella.s__Klebsiella_oxytoca",4836.3500362247,"Pa1TxVehPt19R3_S186",1.72880174917288
"87","UniRef90_Q8ZNL7|g__Escherichia.s__Escherichia_coli",304.4842791783,"Pa1TxVehPt19R3_S186",0.108840954541412
"88","UniRef90_Q8ZNL7|g__Escherichia.s__Escherichia_fergusonii",16.6676556242,"Pa1TxVehPt19R3_S186",0.00595802040420993
"89","UniRef90_Q8ZNL7|g__Klebsiella.s__Klebsiella_oxytoca",19522.4820400783,"Pa1TxVehPt19R4_S164",1.90123397459421
"90","UniRef90_Q8ZNL7|g__Escherichia.s__Escherichia_coli",1275.8250694065,"Pa1TxVehPt19R4_S164",0.124248646387021
"91","UniRef90_Q8ZNL7|g__Escherichia.s__Escherichia_fergusonii",90.4337307073,"Pa1TxVehPt19R4_S164",0.00880706054266309
"92","UniRef90_Q8ZNL7|g__Klebsiella.s__Klebsiella_oxytoca",6812.5926377035,"Pa1TxVehPt19R5_S183",1.58274457500841
"93","UniRef90_Q8ZNL7|g__Escherichia.s__Escherichia_coli",406.087617425,"Pa1TxVehPt19R5_S183",0.0943448416246671
"94","UniRef90_Q8ZNL7|g__Escherichia.s__Escherichia_fergusonii",1.7471100206,"Pa1TxVehPt19R5_S183",0.000405899641165046
"95","UniRef90_Q8ZNL7|g__Klebsiella.s__Klebsiella_oxytoca",6385.9208587818,"Pa1TxVehPt21R1_S15",1.4189691137548
"96","UniRef90_Q8ZNL7|g__Escherichia.s__Escherichia_coli",980.2115203797,"Pa1TxVehPt21R1_S15",0.217805685839765
"97","UniRef90_Q8ZNL7|g__Escherichia.s__Escherichia_fergusonii",293.9202326218,"Pa1TxVehPt21R1_S15",0.0653098810995163
"98","UniRef90_Q8ZNL7|g__Klebsiella.s__Klebsiella_oxytoca",3215.3875070235,"Pa1TxVehPt21R2_S128",1.35335046816021
"99","UniRef90_Q8ZNL7|g__Escherichia.s__Escherichia_coli",411.8708792143,"Pa1TxVehPt21R2_S128",0.173355667392707
"100","UniRef90_Q8ZNL7|g__Escherichia.s__Escherichia_fergusonii",114.138112733,"Pa1TxVehPt21R2_S128",0.0480405139239721
"101","UniRef90_Q8ZNL7|g__Klebsiella.s__Klebsiella_oxytoca",6486.1100530709,"Pa1TxVehPt21R3_S152",1.36731520357917
"102","UniRef90_Q8ZNL7|g__Escherichia.s__Escherichia_coli",838.0140076115,"Pa1TxVehPt21R3_S152",0.176658934869139
"103","UniRef90_Q8ZNL7|g__Escherichia.s__Escherichia_fergusonii",233.398542346,"Pa1TxVehPt21R3_S152",0.0492019674090804
"104","UniRef90_Q8ZNL7|g__Klebsiella.s__Klebsiella_oxytoca",4851.8432366598,"Pa1TxVehPt21R4_S97",1.31506183742566
"105","UniRef90_Q8ZNL7|g__Escherichia.s__Escherichia_coli",662.6004999199,"Pa1TxVehPt21R4_S97",0.179593731372019
"106","UniRef90_Q8ZNL7|g__Escherichia.s__Escherichia_fergusonii",169.1175957844,"Pa1TxVehPt21R4_S97",0.0458382691701211
"107","UniRef90_Q8ZNL7|g__Klebsiella.s__Klebsiella_oxytoca",5190.5888675787,"Pa1TxVehPt21R5_S191",1.28873180598772
"108","UniRef90_Q8ZNL7|g__Escherichia.s__Escherichia_coli",653.2345836447,"Pa1TxVehPt21R5_S191",0.16218664320967
"109","UniRef90_Q8ZNL7|g__Escherichia.s__Escherichia_fergusonii",195.6167239292,"Pa1TxVehPt21R5_S191",0.0485681876068673
"110","UniRef90_D4MUM3|unclassified",9.8796210002,"Pa1TxVehPt31R5_S168",0.00342313537760989
"111","UniRef90_Q8ZNL7|g__Klebsiella.s__Klebsiella_oxytoca",1399.4481288435,"Pa1TxVehPt50R1_S31",0.926766247111933
"112","UniRef90_Q8ZNL7|g__Escherichia.s__Escherichia_coli",1034.0884266182,"Pa1TxVehPt50R1_S31",0.684811555760068
"113","UniRef90_Q8ZNL7|g__Escherichia.s__Escherichia_fergusonii",259.701570871,"Pa1TxVehPt50R1_S31",0.171983973714045
"114","UniRef90_Q8ZNL7|g__Escherichia.s__Escherichia_coli",1943.1636021251,"Pa1TxVehPt50R2_S181",1.04432603049291
"115","UniRef90_Q8ZNL7|g__Klebsiella.s__Klebsiella_oxytoca",860.2065933534,"Pa1TxVehPt50R2_S181",0.462305971590935
"116","UniRef90_Q8ZNL7|g__Escherichia.s__Escherichia_fergusonii",146.0155660055,"Pa1TxVehPt50R2_S181",0.0784740184871383
"117","UniRef90_Q8ZNL7|g__Escherichia.s__Escherichia_coli",400.1507107808,"Pa1TxVehPt50R3_S174",0.789436690677028
"118","UniRef90_Q8ZNL7|g__Klebsiella.s__Klebsiella_oxytoca",327.78025186,"Pa1TxVehPt50R3_S174",0.646660746379104
"119","UniRef90_Q8ZNL7|g__Escherichia.s__Escherichia_fergusonii",63.0069210285,"Pa1TxVehPt50R3_S174",0.124303103521751
"120","UniRef90_Q8ZNL7|g__Escherichia.s__Escherichia_coli",3009.4832597867,"Pa1TxVehPt50R4_S190",0.727044036434769
"121","UniRef90_Q8ZNL7|g__Klebsiella.s__Klebsiella_oxytoca",1395.5968245948,"Pa1TxVehPt50R4_S190",0.337154342124789
"122","UniRef90_Q8ZNL7|g__Escherichia.s__Escherichia_fergusonii",248.4825170294,"Pa1TxVehPt50R4_S190",0.0600294856524074
"123","UniRef90_Q8ZNL7|g__Klebsiella.s__Klebsiella_oxytoca",2582.7330464439,"Pa1TxVehPt50R5_S188",0.807752065704137
"124","UniRef90_Q8ZNL7|g__Escherichia.s__Escherichia_coli",2496.3179870301,"Pa1TxVehPt50R5_S188",0.780725678735669
"125","UniRef90_Q8ZNL7|g__Escherichia.s__Escherichia_fergusonii",416.4969639931,"Pa1TxVehPt50R5_S188",0.130259797267141
"126","UniRef90_Q8ZNL7|g__Klebsiella.s__Klebsiella_oxytoca",4453.380758323,"Pa3Tx5FUPt19R1_S71",1.67333631944775
"127","UniRef90_Q8ZNL7|g__Escherichia.s__Escherichia_coli",251.0538735693,"Pa3Tx5FUPt19R1_S71",0.094332280929814
"128","UniRef90_Q8ZNL7|g__Escherichia.s__Escherichia_fergusonii",7.0222903751,"Pa3Tx5FUPt19R1_S71",0.00263859170550423
"129","UniRef90_Q8ZNL7|g__Klebsiella.s__Klebsiella_oxytoca",4777.9968438073,"Pa3Tx5FUPt19R2_S8",1.12788922763424
"130","UniRef90_Q8ZNL7|g__Escherichia.s__Escherichia_coli",312.5678189194,"Pa3Tx5FUPt19R2_S8",0.0737844513901775
"131","UniRef90_Q8ZNL7|g__Escherichia.s__Escherichia_fergusonii",22.1964373392,"Pa3Tx5FUPt19R2_S8",0.00523966913021087
"132","UniRef90_Q8ZNL7|g__Klebsiella.s__Klebsiella_oxytoca",11130.5300362375,"Pa3Tx5FUPt19R3_S40",2.31541317904032
"133","UniRef90_Q8ZNL7|g__Escherichia.s__Escherichia_coli",617.5075240802,"Pa3Tx5FUPt19R3_S40",0.128456152111079
"134","UniRef90_Q8ZNL7|g__Escherichia.s__Escherichia_fergusonii",61.6871266602,"Pa3Tx5FUPt19R3_S40",0.0128323795525589
"135","UniRef90_Q8ZNL7|g__Klebsiella.s__Klebsiella_oxytoca",12311.4962530744,"Pa3Tx5FUPt19R4_S72",2.11232687896815
"136","UniRef90_Q8ZNL7|g__Escherichia.s__Escherichia_coli",785.0367453403,"Pa3Tx5FUPt19R4_S72",0.13469152603981
"137","UniRef90_Q8ZNL7|g__Escherichia.s__Escherichia_fergusonii",21.3104690856,"Pa3Tx5FUPt19R4_S72",0.00365631241951536
"138","UniRef90_Q8ZNL7|g__Klebsiella.s__Klebsiella_oxytoca",2760.343906416,"Pa3Tx5FUPt21R1_S47",0.698991079785536
"139","UniRef90_Q8ZNL7|g__Escherichia.s__Escherichia_coli",359.3469108032,"Pa3Tx5FUPt21R1_S47",0.0909960112637034
"140","UniRef90_Q8ZNL7|g__Escherichia.s__Escherichia_fergusonii",140.4074242617,"Pa3Tx5FUPt21R1_S47",0.0355548223054641
"141","UniRef90_Q8ZNL7|g__Klebsiella.s__Klebsiella_oxytoca",1490.0624498822,"Pa3Tx5FUPt21R2_S79",0.583694619648502
"142","UniRef90_Q8ZNL7|g__Escherichia.s__Escherichia_coli",235.6171279294,"Pa3Tx5FUPt21R2_S79",0.0922971046483966
"143","UniRef90_Q8ZNL7|g__Escherichia.s__Escherichia_fergusonii",47.3984171882,"Pa3Tx5FUPt21R2_S79",0.0185671419978368
"144","UniRef90_Q8ZNL7|g__Klebsiella.s__Klebsiella_oxytoca",1877.2920647078,"Pa3Tx5FUPt21R3_S16",0.659498419770697
"145","UniRef90_Q8ZNL7|g__Escherichia.s__Escherichia_coli",245.4367358151,"Pa3Tx5FUPt21R3_S16",0.0862226727884938
"146","UniRef90_Q8ZNL7|g__Escherichia.s__Escherichia_fergusonii",112.4227469488,"Pa3Tx5FUPt21R3_S16",0.0394944533953244
"147","UniRef90_Q8ZNL7|g__Klebsiella.s__Klebsiella_oxytoca",1178.2993702118,"Pa3Tx5FUPt21R4_S48",0.616230438781815
"148","UniRef90_Q8ZNL7|g__Escherichia.s__Escherichia_coli",151.3576663316,"Pa3Tx5FUPt21R4_S48",0.0791574734693679
"149","UniRef90_Q8ZNL7|g__Escherichia.s__Escherichia_fergusonii",56.9554118166,"Pa3Tx5FUPt21R4_S48",0.0297867072681483
"150","UniRef90_Q8ZNL7|g__Klebsiella.s__Klebsiella_oxytoca",1678.7028078594,"Pa3Tx5FUPt21R5_S80",0.437363369879006
"151","UniRef90_Q8ZNL7|g__Escherichia.s__Escherichia_coli",246.8018727434,"Pa3Tx5FUPt21R5_S80",0.0643008984378513
"152","UniRef90_Q8ZNL7|g__Escherichia.s__Escherichia_fergusonii",88.6022822508,"Pa3Tx5FUPt21R5_S80",0.0230841293424621
"153","UniRef90_D4MUM3|g__Anaerostipes.s__Anaerostipes_hadrus",2605.0636051685,"Pa3Tx5FUPt31R1_S55",0.983790910269425
"154","UniRef90_Q8ZNL7|g__Klebsiella.s__Klebsiella_oxytoca",210.5241987231,"Pa3Tx5FUPt31R2_S87",0.0838954387612662
"155","UniRef90_Q8ZNL7|g__Escherichia.s__Escherichia_coli",39.4996323841,"Pa3Tx5FUPt31R2_S87",0.0157408934928732
"156","UniRef90_Q8ZNL7|g__Escherichia.s__Escherichia_fergusonii",22.9990800368,"Pa3Tx5FUPt31R2_S87",0.0091653022431435
"157","UniRef90_Q8ZNL7|g__Klebsiella.s__Klebsiella_oxytoca",606.7158078351,"Pa3Tx5FUPt31R4_S56",0.211350884487659
"158","UniRef90_Q8ZNL7|g__Escherichia.s__Escherichia_coli",45.5776542782,"Pa3Tx5FUPt31R4_S56",0.0158770835046191
"159","UniRef90_Q8ZNL7|g__Klebsiella.s__Klebsiella_oxytoca",941.6996407485,"Pa3Tx5FUPt31R5_S88",0.228565812048153
"160","UniRef90_Q8ZNL7|g__Escherichia.s__Escherichia_coli",75.0135385637,"Pa3Tx5FUPt31R5_S88",0.0182070053066917
"161","UniRef90_Q8ZNL7|g__Escherichia.s__Escherichia_fergusonii",9.1996320147,"Pa3Tx5FUPt31R5_S88",0.00223290024865335
"162","UniRef90_Q8ZNL7|g__Klebsiella.s__Klebsiella_oxytoca",1474.1187388531,"Pa3Tx5FUPt50R1_S63",0.518851124307353
"163","UniRef90_Q8ZNL7|g__Escherichia.s__Escherichia_coli",443.4359483978,"Pa3Tx5FUPt50R1_S63",0.156077820816186
"164","UniRef90_Q8ZNL7|g__Escherichia.s__Escherichia_fergusonii",220.9413690091,"Pa3Tx5FUPt50R1_S63",0.0777655657546057
"165","UniRef90_Q8ZNL7|g__Klebsiella.s__Klebsiella_oxytoca",140.8184328513,"Pa3Tx5FUPt50R2_S95",0.250345542907367
"166","UniRef90_Q8ZNL7|g__Escherichia.s__Escherichia_coli",114.680823306,"Pa3Tx5FUPt50R2_S95",0.203878372953639
"167","UniRef90_Q8ZNL7|g__Escherichia.s__Escherichia_fergusonii",19.3124875568,"Pa3Tx5FUPt50R2_S95",0.0343335391852021
"168","UniRef90_Q8ZNL7|g__Klebsiella.s__Klebsiella_oxytoca",3470.3524975945,"Pa3Tx5FUPt50R3_S32",1.04941018326185
"169","UniRef90_Q8ZNL7|g__Escherichia.s__Escherichia_coli",810.6193234384,"Pa3Tx5FUPt50R3_S32",0.245125581149103
"170","UniRef90_Q8ZNL7|g__Escherichia.s__Escherichia_fergusonii",570.5826216107,"Pa3Tx5FUPt50R3_S32",0.172540171041864
"171","UniRef90_Q8ZNL7|g__Klebsiella.s__Klebsiella_oxytoca",568.3754695398,"Pa3Tx5FUPt50R4_S64",0.364316015111827
"172","UniRef90_Q8ZNL7|g__Escherichia.s__Escherichia_coli",311.8071038089,"Pa3Tx5FUPt50R4_S64",0.199861407873909
"173","UniRef90_Q8ZNL7|g__Escherichia.s__Escherichia_fergusonii",112.2229121206,"Pa3Tx5FUPt50R4_S64",0.0719323868447825
"174","UniRef90_Q8ZNL7|g__Klebsiella.s__Klebsiella_oxytoca",2387.6564193349,"Pa3Tx5FUPt50R5_S96",0.822451907058356
"175","UniRef90_Q8ZNL7|g__Escherichia.s__Escherichia_coli",779.7345586245,"Pa3Tx5FUPt50R5_S96",0.268587293191314
"176","UniRef90_Q8ZNL7|g__Escherichia.s__Escherichia_fergusonii",420.0835343538,"Pa3Tx5FUPt50R5_S96",0.144701934983317
"177","UniRef90_Q8ZNL7|g__Klebsiella.s__Klebsiella_oxytoca",286.0902386835,"Pa4TxCAPPt19R3",0.12575305284795
"178","UniRef90_Q8ZNL7|g__Escherichia.s__Escherichia_coli",25.2758923623,"Pa4TxCAPPt19R3",0.0111102029997318
"179","UniRef90_Q8ZNL7|g__Escherichia.s__Escherichia_fergusonii",3.5573528222,"Pa4TxCAPPt19R3",0.00156366040137364
"180","UniRef90_Q8ZNL7|g__Klebsiella.s__Klebsiella_oxytoca",73.5052198833,"Pa4TxCAPPt21R4",0.0603274257091066
"181","UniRef90_Q8ZNL7|g__Escherichia.s__Escherichia_coli",11.9404593186,"Pa4TxCAPPt21R4",0.00979980977703473
"182","UniRef90_Q8ZNL7|g__Escherichia.s__Escherichia_fergusonii",5.5197792088,"Pa4TxCAPPt21R4",0.0045302098365018
"183","UniRef90_Q8ZNL7|g__Escherichia.s__Escherichia_coli",853.1935358524,"Pa4TxCAPPt50R4",0.394719348677791
"184","UniRef90_Q8ZNL7|g__Klebsiella.s__Klebsiella_oxytoca",784.0738238214,"Pa4TxCAPPt50R4",0.36274197593971
"185","UniRef90_Q8ZNL7|g__Escherichia.s__Escherichia_fergusonii",139.6172847093,"Pa4TxCAPPt50R4",0.0645921955205136
"186","UniRef90_Q8ZNL7|g__Klebsiella.s__Klebsiella_oxytoca",5540.3586737687,"Pa4TxVehPt19R3",1.79648841848994
"187","UniRef90_Q8ZNL7|g__Escherichia.s__Escherichia_coli",368.8666301207,"Pa4TxVehPt19R3",0.119606810316576
"188","UniRef90_Q8ZNL7|g__Escherichia.s__Escherichia_fergusonii",54.8010442335,"Pa4TxVehPt19R3",0.0177695068286381
"189","UniRef90_Q8ZNL7|g__Klebsiella.s__Klebsiella_oxytoca",2140.975448175,"Pa4TxVehPt21R4",0.781724992987277
"190","UniRef90_Q8ZNL7|g__Escherichia.s__Escherichia_coli",361.7742946845,"Pa4TxVehPt21R4",0.132093064503046
"191","UniRef90_Q8ZNL7|g__Escherichia.s__Escherichia_fergusonii",90.7786252267,"Pa4TxVehPt21R4",0.0331456020335158
"192","UniRef90_Q8ZNL7|g__Escherichia.s__Escherichia_coli",1619.1237007602,"Pa4TxVehPt50R4",0.762378592076673
"193","UniRef90_Q8ZNL7|g__Klebsiella.s__Klebsiella_oxytoca",1097.4774059559,"Pa4TxVehPt50R4",0.516756860019886
"194","UniRef90_Q8ZNL7|g__Escherichia.s__Escherichia_fergusonii",190.884043649,"Pa4TxVehPt50R4",0.0898794257527702
"195","UniRef90_Q8ZNL7|g__Klebsiella.s__Klebsiella_oxytoca",505.9839261848,"Pa6TxCAPPt21R4",0.232922763949906
"196","UniRef90_Q8ZNL7|g__Escherichia.s__Escherichia_coli",62.9398157695,"Pa6TxCAPPt21R4",0.0289734813555629
"197","UniRef90_Q8ZNL7|g__Escherichia.s__Escherichia_fergusonii",36.46079783,"Pa6TxCAPPt21R4",0.016784228444602
"198","UniRef90_Q8ZNL7|g__Klebsiella.s__Klebsiella_oxytoca",1422.1885218855,"Pa6TxCAPPt50R4",0.517576578972607
"199","UniRef90_Q8ZNL7|g__Escherichia.s__Escherichia_coli",378.2104225564,"Pa6TxCAPPt50R4",0.13764198882649
"200","UniRef90_Q8ZNL7|g__Escherichia.s__Escherichia_fergusonii",223.9408520852,"Pa6TxCAPPt50R4",0.0814987171748529
"201","UniRef90_Q8ZNL7|g__Klebsiella.s__Klebsiella_oxytoca",108.2575554096,"Pa6TxVehPt21R4",0.511229296125446
"202","UniRef90_Q8ZNL7|g__Escherichia.s__Escherichia_coli",20.2349781467,"Pa6TxVehPt21R4",0.0955565050024571
"203","UniRef90_Q8ZNL7|g__Escherichia.s__Escherichia_fergusonii",8.2122205308,"Pa6TxVehPt21R4",0.0387809211625291
"204","UniRef90_Q8ZNL7|g__Escherichia.s__Escherichia_coli",2418.2324780595,"Pa6TxVehPt50R4",0.60157265605264
"205","UniRef90_Q8ZNL7|g__Klebsiella.s__Klebsiella_oxytoca",1983.2206392106,"Pa6TxVehPt50R4",0.493356746422368
"206","UniRef90_Q8ZNL7|g__Escherichia.s__Escherichia_fergusonii",345.5358776475,"Pa6TxVehPt50R4",0.0859573831564312
