"","GeneFamily","RPK","Sample_ID","RPKG"
"1","UniRef90_P76440|g__Klebsiella.s__Klebsiella_oxytoca",12939.5877995698,"Pa1Tx5FUPt19R1_S7",2.13841077666674
"2","UniRef90_P76440|g__Escherichia.s__Escherichia_fergusonii",1375.6793585237,"Pa1Tx5FUPt19R1_S7",0.22734631203653
"3","UniRef90_P76440|g__Escherichia.s__Escherichia_coli",258.0185976109,"Pa1Tx5FUPt19R1_S7",0.0426404425131636
"4","UniRef90_P76440|g__Klebsiella.s__Klebsiella_oxytoca",6864.305665576,"Pa1Tx5FUPt19R2_S185",2.00933099661939
"5","UniRef90_P76440|g__Escherichia.s__Escherichia_fergusonii",805.2764429837,"Pa1Tx5FUPt19R2_S185",0.235721862714979
"6","UniRef90_P76440|g__Escherichia.s__Escherichia_coli",137.2083260173,"Pa1Tx5FUPt19R2_S185",0.0401638499059592
"7","UniRef90_P76440|g__Klebsiella.s__Klebsiella_oxytoca",15596.0305016715,"Pa1Tx5FUPt19R3_S163",2.04217660649626
"8","UniRef90_P76440|g__Escherichia.s__Escherichia_fergusonii",1811.0743506224,"Pa1Tx5FUPt19R3_S163",0.237145834709035
"9","UniRef90_P76440|g__Escherichia.s__Escherichia_coli",416.8170392846,"Pa1Tx5FUPt19R3_S163",0.0545788883090997
"10","UniRef90_P76440|g__Klebsiella.s__Klebsiella_oxytoca",1809.4083666808,"Pa1Tx5FUPt19R4_S105",0.826767925306724
"11","UniRef90_P76440|g__Escherichia.s__Escherichia_fergusonii",194.6983546618,"Pa1Tx5FUPt19R4_S105",0.0889629769092176
"12","UniRef90_P76440|g__Escherichia.s__Escherichia_coli",47.2183416582,"Pa1Tx5FUPt19R4_S105",0.0215753453383146
"13","UniRef90_P76440|g__Klebsiella.s__Klebsiella_oxytoca",2883.1638599198,"Pa1Tx5FUPt19R5_S176",1.22308867688165
"14","UniRef90_P76440|g__Escherichia.s__Escherichia_fergusonii",336.5478532603,"Pa1Tx5FUPt19R5_S176",0.142769502029951
"15","UniRef90_P76440|g__Escherichia.s__Escherichia_coli",59.9909665959,"Pa1Tx5FUPt19R5_S176",0.0254492202051505
"16","UniRef90_P76440|g__Klebsiella.s__Klebsiella_oxytoca",2674.4020239202,"Pa1Tx5FUPt21R1_S78",0.948591077194563
"17","UniRef90_P76440|g__Escherichia.s__Escherichia_coli",2508.6377571642,"Pa1Tx5FUPt21R1_S78",0.88979568930746
"18","UniRef90_P76440|g__Escherichia.s__Escherichia_fergusonii",657.9514677781,"Pa1Tx5FUPt21R1_S78",0.233370632380285
"19","UniRef90_A0A0A6ZVN4|g__Escherichia.s__Escherichia_coli",1032.0470101192,"Pa1Tx5FUPt21R1_S78",0.366059618669213
"20","UniRef90_P76440|g__Klebsiella.s__Klebsiella_oxytoca",6752.8311740643,"Pa1Tx5FUPt21R2_S162",1.00155048682583
"21","UniRef90_P76440|g__Escherichia.s__Escherichia_coli",5660.8825882502,"Pa1Tx5FUPt21R2_S162",0.839597431948457
"22","UniRef90_P76440|g__Escherichia.s__Escherichia_fergusonii",1453.1244685735,"Pa1Tx5FUPt21R2_S162",0.215521087585902
"23","UniRef90_A0A0A6ZVN4|g__Escherichia.s__Escherichia_coli",2399.0052307456,"Pa1Tx5FUPt21R2_S162",0.355809999512376
"24","UniRef90_D4MUM4|unclassified",10.3537532355,"Pa1Tx5FUPt21R2_S162",0.00153562355198765
"25","UniRef90_P76440|g__Klebsiella.s__Klebsiella_oxytoca",1951.5881406724,"Pa1Tx5FUPt21R3_S182",0.901617890559163
"26","UniRef90_P76440|g__Escherichia.s__Escherichia_coli",1687.723851065,"Pa1Tx5FUPt21R3_S182",0.779714729112533
"27","UniRef90_P76440|g__Escherichia.s__Escherichia_fergusonii",464.7490370216,"Pa1Tx5FUPt21R3_S182",0.214710285262569
"28","UniRef90_A0A0A6ZVN4|g__Escherichia.s__Escherichia_coli",655.2108216673,"Pa1Tx5FUPt21R3_S182",0.302702084825987
"29","UniRef90_P76440|g__Klebsiella.s__Klebsiella_oxytoca",5457.0777559967,"Pa1Tx5FUPt21R4_S167",1.03718810317835
"30","UniRef90_P76440|g__Escherichia.s__Escherichia_coli",4765.8581558452,"Pa1Tx5FUPt21R4_S167",0.905812891386098
"31","UniRef90_P76440|g__Escherichia.s__Escherichia_fergusonii",1202.8133079662,"Pa1Tx5FUPt21R4_S167",0.228610202960042
"32","UniRef90_A0A0A6ZVN4|g__Escherichia.s__Escherichia_coli",1876.1916178534,"Pa1Tx5FUPt21R4_S167",0.356594447125495
"33","UniRef90_P76440|g__Klebsiella.s__Klebsiella_oxytoca",4614.5007387814,"Pa1Tx5FUPt21R5_S145",0.931674939430874
"34","UniRef90_P76440|g__Escherichia.s__Escherichia_coli",4059.2382252324,"Pa1Tx5FUPt21R5_S145",0.819566566724098
"35","UniRef90_P76440|g__Escherichia.s__Escherichia_fergusonii",1003.275986787,"Pa1Tx5FUPt21R5_S145",0.202562995898246
"36","UniRef90_A0A0A6ZVN4|g__Escherichia.s__Escherichia_coli",1685.6262852659,"Pa1Tx5FUPt21R5_S145",0.340330591786387
"37","UniRef90_A0A0A6ZVN4|unclassified",2.8247627703,"Pa1Tx5FUPt21R5_S145",0.000570324035449355
"38","UniRef90_D4MUM4|g__Anaerostipes.s__Anaerostipes_hadrus",387.9756545367,"Pa1Tx5FUPt31R1_S86",0.123541683072629
"39","UniRef90_P76440|g__Escherichia.s__Escherichia_coli",3520.3646289034,"Pa1Tx5FUPt50R1_S94",1.01627716552353
"40","UniRef90_P76440|g__Klebsiella.s__Klebsiella_oxytoca",2135.9349231201,"Pa1Tx5FUPt50R1_S94",0.616612799591554
"41","UniRef90_P76440|g__Escherichia.s__Escherichia_fergusonii",596.3461539116,"Pa1Tx5FUPt50R1_S94",0.172156308466525
"42","UniRef90_A0A0A6ZVN4|g__Escherichia.s__Escherichia_coli",295.294872267,"Pa1Tx5FUPt50R1_S94",0.0852472591382162
"43","UniRef90_P76440|g__Escherichia.s__Escherichia_coli",1292.1192140829,"Pa1Tx5FUPt50R4_S113",1.25603027047782
"44","UniRef90_P76440|g__Klebsiella.s__Klebsiella_oxytoca",512.2187687327,"Pa1Tx5FUPt50R4_S113",0.497912477132989
"45","UniRef90_P76440|g__Escherichia.s__Escherichia_fergusonii",132.3800395955,"Pa1Tx5FUPt50R4_S113",0.12868265956173
"46","UniRef90_P76440|g__Escherichia.s__Escherichia_coli",755.1604350826,"Pa1Tx5FUPt50R5_S184",1.86155196616001
"47","UniRef90_P76440|g__Klebsiella.s__Klebsiella_oxytoca",188.121930564,"Pa1Tx5FUPt50R5_S184",0.46374086015368
"48","UniRef90_P76440|g__Escherichia.s__Escherichia_fergusonii",42.8968584934,"Pa1Tx5FUPt50R5_S184",0.105745385431563
"49","UniRef90_A0A0A6ZVN4|g__Escherichia.s__Escherichia_coli",92.7686284781,"Pa1Tx5FUPt50R5_S184",0.228684680391771
"50","UniRef90_P76440|g__Klebsiella.s__Klebsiella_oxytoca",555.8695657387,"Pa1TxCAPPt19R2_S170",1.45788207692877
"51","UniRef90_P76440|g__Escherichia.s__Escherichia_fergusonii",85.7618016317,"Pa1TxCAPPt19R2_S170",0.224927934879511
"52","UniRef90_P76440|g__Escherichia.s__Escherichia_coli",14.5914334269,"Pa1TxCAPPt19R2_S170",0.0382690303281986
"53","UniRef90_P76440|g__Klebsiella.s__Klebsiella_oxytoca",2661.0605949886,"Pa1TxCAPPt19R3_S81",2.11668012547024
"54","UniRef90_P76440|g__Escherichia.s__Escherichia_fergusonii",302.0164994774,"Pa1TxCAPPt19R3_S81",0.240232155258623
"55","UniRef90_P76440|g__Escherichia.s__Escherichia_coli",57.4951524682,"Pa1TxCAPPt19R3_S81",0.0457332113254044
"56","UniRef90_P76440|g__Klebsiella.s__Klebsiella_oxytoca",16927.9631418853,"Pa1TxCAPPt19R4_S121",0.981391443625941
"57","UniRef90_P76440|g__Escherichia.s__Escherichia_fergusonii",2027.5406027814,"Pa1TxCAPPt19R4_S121",0.117545801730298
"58","UniRef90_P76440|g__Escherichia.s__Escherichia_coli",379.2465308551,"Pa1TxCAPPt19R4_S121",0.0219866558833117
"59","UniRef90_P76440|unclassified",3.8362683185,"Pa1TxCAPPt19R4_S121",0.000222406019653577
"60","UniRef90_A0A0A6ZVN4|g__Escherichia.s__Escherichia_coli",195.7834196863,"Pa1TxCAPPt19R4_S121",0.0113504602575926
"61","UniRef90_D4MUM4|unclassified",6.902502157,"Pa1TxCAPPt19R4_S121",0.000400169618737424
"62","UniRef90_P76440|g__Klebsiella.s__Klebsiella_oxytoca",15934.8249208436,"Pa1TxCAPPt19R5_S153",2.27454130331436
"63","UniRef90_P76440|g__Escherichia.s__Escherichia_fergusonii",1989.8124785552,"Pa1TxCAPPt19R5_S153",0.284026381890396
"64","UniRef90_P76440|g__Escherichia.s__Escherichia_coli",418.2300813797,"Pa1TxCAPPt19R5_S153",0.0596982771453188
"65","UniRef90_P76440|unclassified",23.7302609314,"Pa1TxCAPPt19R5_S153",0.00338726398909433
"66","UniRef90_A0A0A6ZVN4|g__Escherichia.s__Escherichia_coli",169.1583932217,"Pa1TxCAPPt19R5_S153",0.0241457156947965
"67","UniRef90_D4MUM4|unclassified",6.0396893874,"Pa1TxCAPPt19R5_S153",0.000862106928634107
"68","UniRef90_P76440|g__Klebsiella.s__Klebsiella_oxytoca",5657.813243077,"Pa1TxCAPPt21R2_S144",1.12217611708921
"69","UniRef90_P76440|g__Escherichia.s__Escherichia_coli",5015.9123691831,"Pa1TxCAPPt21R2_S144",0.994860880747004
"70","UniRef90_P76440|g__Escherichia.s__Escherichia_fergusonii",1176.0316445302,"Pa1TxCAPPt21R2_S144",0.233255246812497
"71","UniRef90_A0A0A6ZVN4|g__Escherichia.s__Escherichia_coli",1902.2768014381,"Pa1TxCAPPt21R2_S144",0.377299409321921
"72","UniRef90_D4MUM4|g__Anaerostipes.s__Anaerostipes_hadrus",9.3984962406,"Pa1TxCAPPt21R2_S144",0.00186410677847299
"73","UniRef90_P76440|g__Klebsiella.s__Klebsiella_oxytoca",5035.7091305151,"Pa1TxCAPPt21R3_S89",1.32724815139402
"74","UniRef90_P76440|g__Escherichia.s__Escherichia_coli",4328.5930430032,"Pa1TxCAPPt21R3_S89",1.14087548854819
"75","UniRef90_P76440|g__Escherichia.s__Escherichia_fergusonii",1066.2274249231,"Pa1TxCAPPt21R3_S89",0.281022660764768
"76","UniRef90_A0A0A6ZVN4|g__Escherichia.s__Escherichia_coli",1816.359338189,"Pa1TxCAPPt21R3_S89",0.478732887741676
"77","UniRef90_P76440|g__Klebsiella.s__Klebsiella_oxytoca",4192.4585154956,"Pa1TxCAPPt21R4_S137",1.3432894574143
"78","UniRef90_P76440|g__Escherichia.s__Escherichia_coli",3524.9824577275,"Pa1TxCAPPt21R4_S137",1.12942602903155
"79","UniRef90_P76440|g__Escherichia.s__Escherichia_fergusonii",868.5131306574,"Pa1TxCAPPt21R4_S137",0.27827694125676
"80","UniRef90_A0A0A6ZVN4|g__Escherichia.s__Escherichia_coli",1463.2734034681,"Pa1TxCAPPt21R4_S137",0.468841785536686
"81","UniRef90_P76440|g__Klebsiella.s__Klebsiella_oxytoca",922.2160645476,"Pa1TxCAPPt21R5_S169",1.06408549609117
"82","UniRef90_P76440|g__Escherichia.s__Escherichia_coli",847.10770987,"Pa1TxCAPPt21R5_S169",0.977422821344866
"83","UniRef90_P76440|g__Escherichia.s__Escherichia_fergusonii",207.8545922023,"Pa1TxCAPPt21R5_S169",0.239829976250643
"84","UniRef90_A0A0A6ZVN4|g__Escherichia.s__Escherichia_coli",360.5967167998,"Pa1TxCAPPt21R5_S169",0.416069239124556
"85","UniRef90_P76440|g__Escherichia.s__Escherichia_coli",3157.3843031857,"Pa1TxCAPPt50R2_S178",1.65593010700732
"86","UniRef90_P76440|g__Klebsiella.s__Klebsiella_oxytoca",1577.5742192927,"Pa1TxCAPPt50R2_S178",0.827378739778228
"87","UniRef90_P76440|g__Escherichia.s__Escherichia_fergusonii",397.5754008396,"Pa1TxCAPPt50R2_S178",0.208513444306268
"88","UniRef90_A0A0A6ZVN4|g__Escherichia.s__Escherichia_coli",399.2563476318,"Pa1TxCAPPt50R2_S178",0.209395038098532
"89","UniRef90_P76440|g__Escherichia.s__Escherichia_coli",10125.8800499417,"Pa1TxCAPPt50R3_S179",1.97949423239838
"90","UniRef90_P76440|g__Klebsiella.s__Klebsiella_oxytoca",2481.6772853213,"Pa1TxCAPPt50R3_S179",0.485139646997485
"91","UniRef90_P76440|g__Escherichia.s__Escherichia_fergusonii",584.3675602739,"Pa1TxCAPPt50R3_S179",0.114237203033978
"92","UniRef90_A0A0A6ZVN4|g__Escherichia.s__Escherichia_coli",949.6508340867,"Pa1TxCAPPt50R3_S179",0.185645923079818
"93","UniRef90_P76440|g__Escherichia.s__Escherichia_coli",8455.2809309591,"Pa1TxCAPPt50R4_S129",2.14391376111602
"94","UniRef90_P76440|g__Klebsiella.s__Klebsiella_oxytoca",270.4837836156,"Pa1TxCAPPt50R4_S129",0.0685836355512357
"95","UniRef90_P76440|g__Escherichia.s__Escherichia_fergusonii",12.7970749543,"Pa1TxCAPPt50R4_S129",0.00324481531963064
"96","UniRef90_A0A0A6ZVN4|g__Escherichia.s__Escherichia_coli",697.3545341862,"Pa1TxCAPPt50R4_S129",0.176820615947158
"97","UniRef90_P76440|g__Escherichia.s__Escherichia_coli",9051.1661607701,"Pa1TxCAPPt50R5_S161",1.75402029306077
"98","UniRef90_P76440|g__Klebsiella.s__Klebsiella_oxytoca",988.6381244022,"Pa1TxCAPPt50R5_S161",0.191587614445856
"99","UniRef90_P76440|g__Escherichia.s__Escherichia_fergusonii",181.7106007405,"Pa1TxCAPPt50R5_S161",0.0352135929781653
"100","UniRef90_A0A0A6ZVN4|g__Escherichia.s__Escherichia_coli",1024.9123104703,"Pa1TxCAPPt50R5_S161",0.198617168135134
"101","UniRef90_P76440|g__Klebsiella.s__Klebsiella_oxytoca",8900.4394489449,"Pa1TxVehPt19R1_S39",1.74738558865514
"102","UniRef90_P76440|g__Escherichia.s__Escherichia_fergusonii",927.3593817451,"Pa1TxVehPt19R1_S39",0.182064540572502
"103","UniRef90_P76440|g__Escherichia.s__Escherichia_coli",160.2449885809,"Pa1TxVehPt19R1_S39",0.0314602200606697
"104","UniRef90_A0A0A6ZVN4|unclassified",35.3648679762,"Pa1TxVehPt19R1_S39",0.00694303477943767
"105","UniRef90_P76440|g__Klebsiella.s__Klebsiella_oxytoca",2627.0673035213,"Pa1TxVehPt19R2_S173",1.27015424885382
"106","UniRef90_P76440|g__Escherichia.s__Escherichia_fergusonii",308.7282933659,"Pa1TxVehPt19R2_S173",0.149266276137834
"107","UniRef90_P76440|g__Escherichia.s__Escherichia_coli",49.8910563961,"Pa1TxVehPt19R2_S173",0.024121703001812
"108","UniRef90_P76440|g__Klebsiella.s__Klebsiella_oxytoca",5779.3397448601,"Pa1TxVehPt19R3_S186",2.06588286313904
"109","UniRef90_P76440|g__Escherichia.s__Escherichia_fergusonii",683.4510636882,"Pa1TxVehPt19R3_S186",0.244306426443144
"110","UniRef90_P76440|g__Escherichia.s__Escherichia_coli",123.8083545392,"Pa1TxVehPt19R3_S186",0.0442565360832871
"111","UniRef90_P76440|g__Klebsiella.s__Klebsiella_oxytoca",22730.5534819599,"Pa1TxVehPt19R4_S164",2.21365810210573
"112","UniRef90_P76440|g__Escherichia.s__Escherichia_fergusonii",2697.2035741732,"Pa1TxVehPt19R4_S164",0.262672290392562
"113","UniRef90_P76440|g__Escherichia.s__Escherichia_coli",530.7194682018,"Pa1TxVehPt19R4_S164",0.0516851229189189
"114","UniRef90_A0A0A6ZVN4|unclassified",227.4568305778,"Pa1TxVehPt19R4_S164",0.0221513152456868
"115","UniRef90_P76440|g__Klebsiella.s__Klebsiella_oxytoca",7681.3778976066,"Pa1TxVehPt19R5_S183",1.78458625703542
"116","UniRef90_P76440|g__Escherichia.s__Escherichia_fergusonii",892.3496521508,"Pa1TxVehPt19R5_S183",0.207316310553455
"117","UniRef90_P76440|g__Escherichia.s__Escherichia_coli",192.5059211997,"Pa1TxVehPt19R5_S183",0.0447241921892648
"118","UniRef90_A0A0A6ZVN4|unclassified",40.1177394735,"Pa1TxVehPt19R5_S183",0.00932040676582817
"119","UniRef90_P76440|g__Klebsiella.s__Klebsiella_oxytoca",4996.2307984088,"Pa1TxVehPt21R1_S15",1.11017617426048
"120","UniRef90_P76440|g__Escherichia.s__Escherichia_coli",4278.5701630725,"Pa1TxVehPt21R1_S15",0.95071001452888
"121","UniRef90_P76440|g__Escherichia.s__Escherichia_fergusonii",1120.3947556016,"Pa1TxVehPt21R1_S15",0.24895478484129
"122","UniRef90_A0A0A6ZVN4|g__Escherichia.s__Escherichia_coli",1826.992479485,"Pa1TxVehPt21R1_S15",0.405962735333062
"123","UniRef90_P76440|g__Klebsiella.s__Klebsiella_oxytoca",2301.9935152765,"Pa1TxVehPt21R2_S128",0.968904679388135
"124","UniRef90_P76440|g__Escherichia.s__Escherichia_coli",2064.1286554392,"Pa1TxVehPt21R2_S128",0.86878781362421
"125","UniRef90_P76440|g__Escherichia.s__Escherichia_fergusonii",492.1160492628,"Pa1TxVehPt21R2_S128",0.207130706393609
"126","UniRef90_A0A0A6ZVN4|g__Escherichia.s__Escherichia_coli",776.8000383085,"Pa1TxVehPt21R2_S128",0.326953654331031
"127","UniRef90_P76440|g__Klebsiella.s__Klebsiella_oxytoca",4501.6496546778,"Pa1TxVehPt21R3_S152",0.948977732980907
"128","UniRef90_P76440|g__Escherichia.s__Escherichia_coli",4026.7141659837,"Pa1TxVehPt21R3_S152",0.848858168388676
"129","UniRef90_P76440|g__Escherichia.s__Escherichia_fergusonii",1007.6602350839,"Pa1TxVehPt21R3_S152",0.212421489644638
"130","UniRef90_A0A0A6ZVN4|g__Escherichia.s__Escherichia_coli",1596.2765564773,"Pa1TxVehPt21R3_S152",0.336505731005142
"131","UniRef90_P76440|g__Klebsiella.s__Klebsiella_oxytoca",3431.2006560987,"Pa1TxVehPt21R4_S97",0.930005529711157
"132","UniRef90_P76440|g__Escherichia.s__Escherichia_coli",3064.7540901064,"Pa1TxVehPt21R4_S97",0.83068247435129
"133","UniRef90_P76440|g__Escherichia.s__Escherichia_fergusonii",739.1011266975,"Pa1TxVehPt21R4_S97",0.200328748953424
"134","UniRef90_A0A0A6ZVN4|g__Escherichia.s__Escherichia_coli",1300.8897443358,"Pa1TxVehPt21R4_S97",0.352598048623719
"135","UniRef90_P76440|g__Klebsiella.s__Klebsiella_oxytoca",3855.9797564683,"Pa1TxVehPt21R5_S191",0.957371867081348
"136","UniRef90_P76440|g__Escherichia.s__Escherichia_coli",3291.9922568089,"Pa1TxVehPt21R5_S191",0.817343703122832
"137","UniRef90_P76440|g__Escherichia.s__Escherichia_fergusonii",883.0086858054,"Pa1TxVehPt21R5_S191",0.219235506296547
"138","UniRef90_A0A0A6ZVN4|g__Escherichia.s__Escherichia_coli",1253.8469943287,"Pa1TxVehPt21R5_S191",0.311308127585776
"139","UniRef90_P76440|g__Escherichia.s__Escherichia_coli",2323.1578400718,"Pa1TxVehPt50R1_S31",1.53848094010548
"140","UniRef90_P76440|g__Klebsiella.s__Klebsiella_oxytoca",1447.0117292291,"Pa1TxVehPt50R1_S31",0.958264620306317
"141","UniRef90_P76440|g__Escherichia.s__Escherichia_fergusonii",392.8595968159,"Pa1TxVehPt50R1_S31",0.260166137407223
"142","UniRef90_A0A0A6ZVN4|g__Escherichia.s__Escherichia_coli",155.617305698,"Pa1TxVehPt50R1_S31",0.103055528400749
"143","UniRef90_P76440|g__Escherichia.s__Escherichia_coli",3715.4912306217,"Pa1TxVehPt50R2_S181",1.99683866245894
"144","UniRef90_P76440|g__Klebsiella.s__Klebsiella_oxytoca",1024.1949575515,"Pa1TxVehPt50R2_S181",0.55043921844814
"145","UniRef90_P76440|g__Escherichia.s__Escherichia_fergusonii",245.277550947,"Pa1TxVehPt50R2_S181",0.13182098042047
"146","UniRef90_A0A0A6ZVN4|g__Escherichia.s__Escherichia_coli",473.5013432952,"Pa1TxVehPt50R2_S181",0.254476657413585
"147","UniRef90_P76440|g__Escherichia.s__Escherichia_coli",868.1091305412,"Pa1TxVehPt50R3_S174",1.71264771171772
"148","UniRef90_P76440|g__Klebsiella.s__Klebsiella_oxytoca",379.2770508606,"Pa1TxVehPt50R3_S174",0.748256124041106
"149","UniRef90_P76440|g__Escherichia.s__Escherichia_fergusonii",88.2261957263,"Pa1TxVehPt50R3_S174",0.174056909331213
"150","UniRef90_P76440|unclassified",19.1624183569,"Pa1TxVehPt50R3_S174",0.0378045464508162
"151","UniRef90_A0A0A6ZVN4|g__Escherichia.s__Escherichia_coli",95.0875144857,"Pa1TxVehPt50R3_S174",0.187593251087377
"152","UniRef90_P76440|g__Escherichia.s__Escherichia_coli",6988.1579202051,"Pa1TxVehPt50R4_S190",1.68822954074502
"153","UniRef90_P76440|g__Klebsiella.s__Klebsiella_oxytoca",1555.0721077599,"Pa1TxVehPt50R4_S190",0.375681073651499
"154","UniRef90_P76440|g__Escherichia.s__Escherichia_fergusonii",357.8717052848,"Pa1TxVehPt50R4_S190",0.0864562008411025
"155","UniRef90_P76440|g__Escherichia.s__Escherichia_coli",4934.9810836396,"Pa1TxVehPt50R5_S188",1.54341973902773
"156","UniRef90_P76440|g__Klebsiella.s__Klebsiella_oxytoca",2677.1617361386,"Pa1TxVehPt50R5_S188",0.837284722696175
"157","UniRef90_P76440|g__Escherichia.s__Escherichia_fergusonii",667.4971892272,"Pa1TxVehPt50R5_S188",0.208760341759807
"158","UniRef90_A0A0A6ZVN4|g__Escherichia.s__Escherichia_coli",514.5832042646,"Pa1TxVehPt50R5_S188",0.160936356466918
"159","UniRef90_P76440|g__Klebsiella.s__Klebsiella_oxytoca",5526.4515746379,"Pa3Tx5FUPt19R1_S71",2.07653749799583
"160","UniRef90_P76440|g__Escherichia.s__Escherichia_fergusonii",547.9334068667,"Pa3Tx5FUPt19R1_S71",0.205883332260603
"161","UniRef90_P76440|g__Escherichia.s__Escherichia_coli",93.6921762881,"Pa3Tx5FUPt19R1_S71",0.0352043829034769
"162","UniRef90_P76440|g__Klebsiella.s__Klebsiella_oxytoca",5567.535643653,"Pa3Tx5FUPt19R2_S8",1.31426697886683
"163","UniRef90_P76440|g__Escherichia.s__Escherichia_fergusonii",640.8960325981,"Pa3Tx5FUPt19R2_S8",0.151289286039987
"164","UniRef90_P76440|g__Escherichia.s__Escherichia_coli",231.270587723,"Pa3Tx5FUPt19R2_S8",0.0545935070885391
"165","UniRef90_A0A0A6ZVN4|g__Escherichia.s__Escherichia_coli",135.7868227395,"Pa3Tx5FUPt19R2_S8",0.0320537035977872
"166","UniRef90_P76440|g__Klebsiella.s__Klebsiella_oxytoca",13268.118701798,"Pa3Tx5FUPt19R3_S40",2.76008211677216
"167","UniRef90_P76440|g__Escherichia.s__Escherichia_fergusonii",1404.4595512505,"Pa3Tx5FUPt19R3_S40",0.292160763576154
"168","UniRef90_P76440|g__Escherichia.s__Escherichia_coli",292.6069284793,"Pa3Tx5FUPt19R3_S40",0.060869153245509
"169","UniRef90_P76440|unclassified",80.4439687695,"Pa3Tx5FUPt19R3_S40",0.0167342457957349
"170","UniRef90_P76440|g__Klebsiella.s__Klebsiella_oxytoca",14546.8619547189,"Pa3Tx5FUPt19R4_S72",2.49585646455594
"171","UniRef90_P76440|g__Escherichia.s__Escherichia_fergusonii",1386.4892281781,"Pa3Tx5FUPt19R4_S72",0.237884852001564
"172","UniRef90_P76440|g__Escherichia.s__Escherichia_coli",321.9903603371,"Pa3Tx5FUPt19R4_S72",0.0552450229385281
"173","UniRef90_P76440|unclassified",28.1071456259,"Pa3Tx5FUPt19R4_S72",0.00482244220980327
"174","UniRef90_A0A0A6ZVN4|g__Escherichia.s__Escherichia_coli",154.6285245037,"Pa3Tx5FUPt19R4_S72",0.0265301618788039
"175","UniRef90_P76440|g__Klebsiella.s__Klebsiella_oxytoca",2151.4182691788,"Pa3Tx5FUPt21R1_S47",0.544795224808116
"176","UniRef90_P76440|g__Escherichia.s__Escherichia_coli",1840.8989078541,"Pa3Tx5FUPt21R1_S47",0.466163622723258
"177","UniRef90_P76440|g__Escherichia.s__Escherichia_fergusonii",492.4730065371,"Pa3Tx5FUPt21R1_S47",0.124707011254821
"178","UniRef90_A0A0A6ZVN4|unclassified",168.7535024626,"Pa3Tx5FUPt21R1_S47",0.0427327887042446
"179","UniRef90_P76440|g__Klebsiella.s__Klebsiella_oxytoca",1122.4787737064,"Pa3Tx5FUPt21R2_S79",0.439702927171859
"180","UniRef90_P76440|g__Escherichia.s__Escherichia_coli",1074.4590571249,"Pa3Tx5FUPt21R2_S79",0.420892406708181
"181","UniRef90_P76440|g__Escherichia.s__Escherichia_fergusonii",264.0533227905,"Pa3Tx5FUPt21R2_S79",0.103436271295414
"182","UniRef90_A0A0A6ZVN4|g__Escherichia.s__Escherichia_coli",411.9825339856,"Pa3Tx5FUPt21R2_S79",0.16138383226526
"183","UniRef90_P76440|g__Klebsiella.s__Klebsiella_oxytoca",1458.3511670717,"Pa3Tx5FUPt21R3_S16",0.51232320651408
"184","UniRef90_P76440|g__Escherichia.s__Escherichia_coli",1210.9006790672,"Pa3Tx5FUPt21R3_S16",0.425393096448411
"185","UniRef90_P76440|g__Escherichia.s__Escherichia_fergusonii",310.2651686902,"Pa3Tx5FUPt21R3_S16",0.108997098697546
"186","UniRef90_A0A0A6ZVN4|g__Escherichia.s__Escherichia_coli",466.0711863826,"Pa3Tx5FUPt21R3_S16",0.163732227232219
"187","UniRef90_P76440|g__Klebsiella.s__Klebsiella_oxytoca",842.2004327976,"Pa3Tx5FUPt21R4_S48",0.440456436934029
"188","UniRef90_P76440|g__Escherichia.s__Escherichia_coli",787.9382165516,"Pa3Tx5FUPt21R4_S48",0.4120782249347
"189","UniRef90_P76440|g__Escherichia.s__Escherichia_fergusonii",188.5990629723,"Pa3Tx5FUPt21R4_S48",0.0986340876244116
"190","UniRef90_A0A0A6ZVN4|g__Escherichia.s__Escherichia_coli",298.0830728047,"Pa3Tx5FUPt21R4_S48",0.155892354177236
"191","UniRef90_P76440|g__Klebsiella.s__Klebsiella_oxytoca",1351.0157320715,"Pa3Tx5FUPt21R5_S80",0.351988922977862
"192","UniRef90_P76440|g__Escherichia.s__Escherichia_coli",1175.5495641246,"Pa3Tx5FUPt21R5_S80",0.306273580063252
"193","UniRef90_P76440|g__Escherichia.s__Escherichia_fergusonii",261.6342368152,"Pa3Tx5FUPt21R5_S80",0.0681652707992622
"194","UniRef90_A0A0A6ZVN4|g__Escherichia.s__Escherichia_coli",477.6432180536,"Pa3Tx5FUPt21R5_S80",0.12444349677008
"195","UniRef90_D4MUM4|g__Anaerostipes.s__Anaerostipes_hadrus",2699.3086991472,"Pa3Tx5FUPt31R1_S55",1.01938215902427
"196","UniRef90_P76440|g__Klebsiella.s__Klebsiella_oxytoca",233.7747996164,"Pa3Tx5FUPt31R2_S87",0.0931609739122734
"197","UniRef90_P76440|g__Escherichia.s__Escherichia_coli",148.6071467635,"Pa3Tx5FUPt31R2_S87",0.0592210389893564
"198","UniRef90_P76440|g__Escherichia.s__Escherichia_fergusonii",33.8618991685,"Pa3Tx5FUPt31R2_S87",0.0134942154168586
"199","UniRef90_P76440|unclassified",29.0283233722,"Pa3Tx5FUPt31R2_S87",0.0115679999761824
"200","UniRef90_A0A0A6ZVN4|g__Escherichia.s__Escherichia_coli",77.4158132947,"Pa3Tx5FUPt31R2_S87",0.0308507699485972
"201","UniRef90_P76440|g__Klebsiella.s__Klebsiella_oxytoca",760.042460947,"Pa3Tx5FUPt31R4_S56",0.264762586197498
"202","UniRef90_P76440|g__Escherichia.s__Escherichia_fergusonii",103.2479827748,"Pa3Tx5FUPt31R4_S56",0.0359666786314416
"203","UniRef90_P76440|g__Escherichia.s__Escherichia_coli",17.2807142535,"Pa3Tx5FUPt31R4_S56",0.00601977762057648
"204","UniRef90_P76440|g__Klebsiella.s__Klebsiella_oxytoca",1144.686204939,"Pa3Tx5FUPt31R5_S88",0.277833951135675
"205","UniRef90_P76440|g__Escherichia.s__Escherichia_coli",146.6583606114,"Pa3Tx5FUPt31R5_S88",0.0355963683496276
"206","UniRef90_P76440|g__Escherichia.s__Escherichia_fergusonii",138.7470509158,"Pa3Tx5FUPt31R5_S88",0.0336761648721133
"207","UniRef90_P76440|unclassified",36.3972251976,"Pa3Tx5FUPt31R5_S88",0.00883419826620785
"208","UniRef90_A0A0A6ZVN4|g__Escherichia.s__Escherichia_coli",60.8405981148,"Pa3Tx5FUPt31R5_S88",0.0147670022498379
"209","UniRef90_P76440|g__Klebsiella.s__Klebsiella_oxytoca",1492.374542618,"Pa3Tx5FUPt50R1_S63",0.525276688313087
"210","UniRef90_P76440|g__Escherichia.s__Escherichia_coli",1079.7034817693,"Pa3Tx5FUPt50R1_S63",0.380027300833594
"211","UniRef90_P76440|g__Escherichia.s__Escherichia_fergusonii",431.242651947,"Pa3Tx5FUPt50R1_S63",0.151786100342276
"212","UniRef90_A0A0A6ZVN4|g__Escherichia.s__Escherichia_coli",133.6419205127,"Pa3Tx5FUPt50R1_S63",0.0470384500820854
"213","UniRef90_P76440|g__Escherichia.s__Escherichia_coli",252.0556187435,"Pa3Tx5FUPt50R2_S95",0.448101853141815
"214","UniRef90_P76440|g__Klebsiella.s__Klebsiella_oxytoca",163.491163579,"Pa3Tx5FUPt50R2_S95",0.290652887395515
"215","UniRef90_P76440|g__Escherichia.s__Escherichia_fergusonii",40.3223464645,"Pa3Tx5FUPt50R2_S95",0.0716846474751903
"216","UniRef90_P76440|g__Klebsiella.s__Klebsiella_oxytoca",3578.0886080374,"Pa3Tx5FUPt50R3_S32",1.08198882519583
"217","UniRef90_P76440|g__Escherichia.s__Escherichia_coli",1808.9824700291,"Pa3Tx5FUPt50R3_S32",0.547023573745487
"218","UniRef90_P76440|g__Escherichia.s__Escherichia_fergusonii",999.2357575273,"Pa3Tx5FUPt50R3_S32",0.302161864005277
"219","UniRef90_A0A0A6ZVN4|g__Escherichia.s__Escherichia_coli",168.0548625555,"Pa3Tx5FUPt50R3_S32",0.0508186082637591
"220","UniRef90_P76440|g__Escherichia.s__Escherichia_coli",693.3491774698,"Pa3Tx5FUPt50R4_S64",0.444421378039737
"221","UniRef90_P76440|g__Klebsiella.s__Klebsiella_oxytoca",564.9821736007,"Pa3Tx5FUPt50R4_S64",0.36214098800232
"222","UniRef90_P76440|g__Escherichia.s__Escherichia_fergusonii",151.3585537037,"Pa3Tx5FUPt50R4_S64",0.0970174613325043
"223","UniRef90_A0A0A6ZVN4|g__Escherichia.s__Escherichia_coli",83.8067190123,"Pa3Tx5FUPt50R4_S64",0.0537182400480423
"224","UniRef90_P76440|g__Klebsiella.s__Klebsiella_oxytoca",2473.3586263503,"Pa3Tx5FUPt50R5_S96",0.851972881277318
"225","UniRef90_P76440|g__Escherichia.s__Escherichia_coli",1799.3255137959,"Pa3Tx5FUPt50R5_S96",0.619795498320659
"226","UniRef90_P76440|g__Escherichia.s__Escherichia_fergusonii",680.3664890838,"Pa3Tx5FUPt50R5_S96",0.234358977244072
"227","UniRef90_A0A0A6ZVN4|g__Escherichia.s__Escherichia_coli",163.7505152162,"Pa3Tx5FUPt50R5_S96",0.0564054871675663
"228","UniRef90_P76440|g__Klebsiella.s__Klebsiella_oxytoca",311.8526210718,"Pa4TxCAPPt19R3",0.137077096089947
"229","UniRef90_P76440|g__Escherichia.s__Escherichia_fergusonii",34.7458041133,"Pa4TxCAPPt19R3",0.0152727718394411
"230","UniRef90_P76440|g__Escherichia.s__Escherichia_coli",3.6515741535,"Pa4TxCAPPt19R3",0.00160507607535433
"231","UniRef90_P76440|g__Klebsiella.s__Klebsiella_oxytoca",51.1180934527,"Pa4TxCAPPt21R4",0.0419537957991954
"232","UniRef90_P76440|g__Escherichia.s__Escherichia_coli",41.2304851847,"Pa4TxCAPPt21R4",0.0338388081265439
"233","UniRef90_P76440|g__Escherichia.s__Escherichia_fergusonii",11.9060352985,"Pa4TxCAPPt21R4",0.00977155719145661
"234","UniRef90_P76440|g__Escherichia.s__Escherichia_coli",1945.4342052376,"Pa4TxCAPPt50R4",0.900030872385471
"235","UniRef90_P76440|g__Klebsiella.s__Klebsiella_oxytoca",883.3130425585,"Pa4TxCAPPt50R4",0.408653762817075
"236","UniRef90_P76440|g__Escherichia.s__Escherichia_fergusonii",262.8034061271,"Pa4TxCAPPt50R4",0.12158271826703
"237","UniRef90_P76440|g__Klebsiella.s__Klebsiella_oxytoca",6630.0937925229,"Pa4TxVehPt19R3",2.14984036469742
"238","UniRef90_P76440|g__Escherichia.s__Escherichia_fergusonii",718.5552340317,"Pa4TxVehPt19R3",0.232995051763533
"239","UniRef90_P76440|g__Escherichia.s__Escherichia_coli",176.5799876499,"Pa4TxVehPt19R3",0.0572569253055881
"240","UniRef90_P76440|g__Klebsiella.s__Klebsiella_oxytoca",1665.9924705536,"Pa4TxVehPt21R4",0.608296537669552
"241","UniRef90_P76440|g__Escherichia.s__Escherichia_coli",1435.1796941383,"Pa4TxVehPt21R4",0.52402087903067
"242","UniRef90_P76440|g__Escherichia.s__Escherichia_fergusonii",356.4246890538,"Pa4TxVehPt21R4",0.130139786417719
"243","UniRef90_A0A0A6ZVN4|g__Escherichia.s__Escherichia_coli",603.0479535763,"Pa4TxVehPt21R4",0.220188259366668
"244","UniRef90_P76440|g__Escherichia.s__Escherichia_coli",3427.9264020754,"Pa4TxVehPt50R4",1.61406920479867
"245","UniRef90_P76440|g__Klebsiella.s__Klebsiella_oxytoca",1116.0480256454,"Pa4TxVehPt50R4",0.525500999140464
"246","UniRef90_P76440|g__Escherichia.s__Escherichia_fergusonii",312.3295920806,"Pa4TxVehPt50R4",0.14706312714865
"247","UniRef90_A0A0A6ZVN4|g__Escherichia.s__Escherichia_coli",331.6580883307,"Pa4TxVehPt50R4",0.156164119093361
"248","UniRef90_P76440|g__Klebsiella.s__Klebsiella_oxytoca",347.0322300978,"Pa6TxCAPPt21R4",0.159751529704833
"249","UniRef90_P76440|g__Escherichia.s__Escherichia_coli",304.2459100373,"Pa6TxCAPPt21R4",0.1400554338172
"250","UniRef90_P76440|unclassified",78.6570383253,"Pa6TxCAPPt21R4",0.0362086892937211
"251","UniRef90_P76440|g__Escherichia.s__Escherichia_fergusonii",77.248826883,"Pa6TxCAPPt21R4",0.0355604384612498
"252","UniRef90_P76440|g__Klebsiella.s__Klebsiella_oxytoca",1406.7338788036,"Pa6TxCAPPt50R4",0.511952176038341
"253","UniRef90_P76440|g__Escherichia.s__Escherichia_coli",800.0980988065,"Pa6TxCAPPt50R4",0.291179425547421
"254","UniRef90_P76440|g__Escherichia.s__Escherichia_fergusonii",424.524732477,"Pa6TxCAPPt50R4",0.154497139685393
"255","UniRef90_P76440|g__Klebsiella.s__Klebsiella_oxytoca",108.8933727024,"Pa6TxVehPt21R4",0.514231843391849
"256","UniRef90_P76440|g__Escherichia.s__Escherichia_coli",87.7378348933,"Pa6TxVehPt21R4",0.41432814002093
"257","UniRef90_P76440|g__Escherichia.s__Escherichia_fergusonii",32.1059025596,"Pa6TxVehPt21R4",0.151615080397067
"258","UniRef90_P76440|unclassified",26.0870585467,"Pa6TxVehPt21R4",0.123192035219651
"259","UniRef90_A0A0A6ZVN4|g__Escherichia.s__Escherichia_coli",32.0376092393,"Pa6TxVehPt21R4",0.151292575922114
"260","UniRef90_P76440|g__Escherichia.s__Escherichia_coli",5143.350820476,"Pa6TxVehPt50R4",1.2794879078653
"261","UniRef90_P76440|g__Klebsiella.s__Klebsiella_oxytoca",1951.5308828728,"Pa6TxVehPt50R4",0.48547343037945
"262","UniRef90_P76440|g__Escherichia.s__Escherichia_fergusonii",495.9511013578,"Pa6TxVehPt50R4",0.123375491820147
"263","UniRef90_A0A0A6ZVN4|g__Escherichia.s__Escherichia_coli",469.3136466212,"Pa6TxVehPt50R4",0.11674901378639
